1,BaseEstimator,sklearn.base.BaseEstimator,https://scikit-learn.org/stable/modules/generated/sklearn.base.BaseEstimator.html,1,sklearn.base.BaseEstimator
2,BiclusterMixin,sklearn.base.BiclusterMixin,https://scikit-learn.org/stable/modules/generated/sklearn.base.BiclusterMixin.html,1,sklearn.base.BiclusterMixin
3,ClassifierMixin,sklearn.base.ClassifierMixin,https://scikit-learn.org/stable/modules/generated/sklearn.base.ClassifierMixin.html,1,sklearn.base.ClassifierMixin
4,ClusterMixin,sklearn.base.ClusterMixin,https://scikit-learn.org/stable/modules/generated/sklearn.base.ClusterMixin.html,1,sklearn.base.ClusterMixin
5,DensityMixin,sklearn.base.DensityMixin,https://scikit-learn.org/stable/modules/generated/sklearn.base.DensityMixin.html,1,sklearn.base.DensityMixin
6,RegressorMixin,sklearn.base.RegressorMixin,https://scikit-learn.org/stable/modules/generated/sklearn.base.RegressorMixin.html,1,sklearn.base.RegressorMixin
7,TransformerMixin,sklearn.base.TransformerMixin,https://scikit-learn.org/stable/modules/generated/sklearn.base.TransformerMixin.html,1,sklearn.base.TransformerMixin
8,clone,sklearn.base.clone,https://scikit-learn.org/stable/modules/generated/sklearn.base.clone.html,1,sklearn.base.clone
9,is_classifier,sklearn.base.is_classifier,https://scikit-learn.org/stable/modules/generated/sklearn.base.is_classifier.html,1,sklearn.base.is_classifier
10,is_regressor,sklearn.base.is_regressor,https://scikit-learn.org/stable/modules/generated/sklearn.base.is_regressor.html,1,sklearn.base.is_regressor
11,config_context,sklearn.config_context,https://scikit-learn.org/stable/modules/generated/sklearn.config_context.html,1,sklearn.config_context
12,get_config,sklearn.get_config,https://scikit-learn.org/stable/modules/generated/sklearn.get_config.html,1,sklearn.get_config
13,set_config,sklearn.set_config,https://scikit-learn.org/stable/modules/generated/sklearn.set_config.html,1,sklearn.set_config
14,set_config,sklearn.set_config,https://scikit-learn.org/stable/modules/generated/sklearn.set_config.html,1,sklearn.set_config
15,show_versions,sklearn.show_versions,https://scikit-learn.org/stable/modules/generated/sklearn.show_versions.html,1,sklearn.show_versions
16,CalibratedClassifierCV,sklearn.calibration.CalibratedClassifierCV,https://scikit-learn.org/stable/modules/generated/sklearn.calibration.CalibratedClassifierCV.html,1,sklearn.calibration.CalibratedClassifierCV
17,calibration_curve,sklearn.calibration.calibration_curve,https://scikit-learn.org/stable/modules/generated/sklearn.calibration.calibration_curve.html,1,sklearn.calibration.calibration_curve
18,AffinityPropagation,sklearn.cluster.AffinityPropagation,https://scikit-learn.org/stable/modules/generated/sklearn.cluster.AffinityPropagation.html,1,sklearn.cluster.AffinityPropagation
19,AgglomerativeClustering,sklearn.cluster.AgglomerativeClustering,https://scikit-learn.org/stable/modules/generated/sklearn.cluster.AgglomerativeClustering.html,1,sklearn.cluster.AgglomerativeClustering
20,Birch,sklearn.cluster.Birch,https://scikit-learn.org/stable/modules/generated/sklearn.cluster.Birch.html,1,sklearn.cluster.Birch
21,DBSCAN,sklearn.cluster.DBSCAN,https://scikit-learn.org/stable/modules/generated/sklearn.cluster.DBSCAN.html,1,sklearn.cluster.DBSCAN
22,OPTICS,sklearn.cluster.OPTICS,https://scikit-learn.org/stable/modules/generated/sklearn.cluster.OPTICS.html,1,sklearn.cluster.OPTICS
23,FeatureAgglomeration,sklearn.cluster.FeatureAgglomeration,https://scikit-learn.org/stable/modules/generated/sklearn.cluster.FeatureAgglomeration.html,1,sklearn.cluster.FeatureAgglomeration
24,KMeans,sklearn.cluster.KMeans,https://scikit-learn.org/stable/modules/generated/sklearn.cluster.KMeans.html,1,sklearn.cluster.KMeans
25,MiniBatchKMeans,sklearn.cluster.MiniBatchKMeans,https://scikit-learn.org/stable/modules/generated/sklearn.cluster.MiniBatchKMeans.html,1,sklearn.cluster.MiniBatchKMeans
26,MeanShift,sklearn.cluster.MeanShift,https://scikit-learn.org/stable/modules/generated/sklearn.cluster.MeanShift.html,1,sklearn.cluster.MeanShift
27,SpectralClustering,sklearn.cluster.SpectralClustering,https://scikit-learn.org/stable/modules/generated/sklearn.cluster.SpectralClustering.html,1,sklearn.cluster.SpectralClustering
28,affinity_propagation,sklearn.cluster.affinity_propagation,https://scikit-learn.org/stable/modules/generated/sklearn.cluster.affinity_propagation.html,1,sklearn.cluster.affinity_propagation
29,cluster_optics_dbscan,sklearn.cluster.cluster_optics_dbscan,https://scikit-learn.org/stable/modules/generated/sklearn.cluster.cluster_optics_dbscan.html,1,sklearn.cluster.cluster_optics_dbscan
30,cluster_optics_xi,sklearn.cluster.cluster_optics_xi,https://scikit-learn.org/stable/modules/generated/sklearn.cluster.cluster_optics_xi.html,1,sklearn.cluster.cluster_optics_xi
31,compute_optics_graph,sklearn.cluster.compute_optics_graph,https://scikit-learn.org/stable/modules/generated/sklearn.cluster.compute_optics_graph.html,1,sklearn.cluster.compute_optics_graph
32,dbscan,sklearn.cluster.dbscan,https://scikit-learn.org/stable/modules/generated/sklearn.cluster.dbscan.html,1,sklearn.cluster.dbscan
33,estimate_bandwidth,sklearn.cluster.estimate_bandwidth,https://scikit-learn.org/stable/modules/generated/sklearn.cluster.estimate_bandwidth.html,1,sklearn.cluster.estimate_bandwidth
34,k_means,sklearn.cluster.k_means,https://scikit-learn.org/stable/modules/generated/sklearn.cluster.k_means.html,1,sklearn.cluster.k_means
35,mean_shift,sklearn.cluster.mean_shift,https://scikit-learn.org/stable/modules/generated/sklearn.cluster.mean_shift.html,1,sklearn.cluster.mean_shift
36,spectral_clustering,sklearn.cluster.spectral_clustering,https://scikit-learn.org/stable/modules/generated/sklearn.cluster.spectral_clustering.html,1,sklearn.cluster.spectral_clustering
37,ward_tree,sklearn.cluster.ward_tree,https://scikit-learn.org/stable/modules/generated/sklearn.cluster.ward_tree.html,1,sklearn.cluster.ward_tree
38,SpectralBiclustering,sklearn.cluster.bicluster.SpectralBiclustering,https://scikit-learn.org/stable/modules/generated/sklearn.cluster.bicluster.SpectralBiclustering.html,1,sklearn.cluster.bicluster.SpectralBiclustering
39,SpectralCoclustering,sklearn.cluster.bicluster.SpectralCoclustering,https://scikit-learn.org/stable/modules/generated/sklearn.cluster.bicluster.SpectralCoclustering.html,1,sklearn.cluster.bicluster.SpectralCoclustering
40,ColumnTransformer,sklearn.compose.ColumnTransformer,https://scikit-learn.org/stable/modules/generated/sklearn.compose.ColumnTransformer.html,1,sklearn.compose.ColumnTransformer
41,TransformedTargetRegressor,sklearn.compose.TransformedTargetRegressor,https://scikit-learn.org/stable/modules/generated/sklearn.compose.TransformedTargetRegressor.html,1,sklearn.compose.TransformedTargetRegressor
42,make_column_transformer,sklearn.compose.make_column_transformer,https://scikit-learn.org/stable/modules/generated/sklearn.compose.make_column_transformer.html,1,sklearn.compose.make_column_transformer
43,EmpiricalCovariance,sklearn.covariance.EmpiricalCovariance,https://scikit-learn.org/stable/modules/generated/sklearn.covariance.EmpiricalCovariance.html,1,sklearn.covariance.EmpiricalCovariance
44,EllipticEnvelope,sklearn.covariance.EllipticEnvelope,https://scikit-learn.org/stable/modules/generated/sklearn.covariance.EllipticEnvelope.html,1,sklearn.covariance.EllipticEnvelope
45,GraphicalLasso,sklearn.covariance.GraphicalLasso,https://scikit-learn.org/stable/modules/generated/sklearn.covariance.GraphicalLasso.html,1,sklearn.covariance.GraphicalLasso
46,GraphicalLassoCV,sklearn.covariance.GraphicalLassoCV,https://scikit-learn.org/stable/modules/generated/sklearn.covariance.GraphicalLassoCV.html,1,sklearn.covariance.GraphicalLassoCV
47,LedoitWolf,sklearn.covariance.LedoitWolf,https://scikit-learn.org/stable/modules/generated/sklearn.covariance.LedoitWolf.html,1,sklearn.covariance.LedoitWolf
48,MinCovDet,sklearn.covariance.MinCovDet,https://scikit-learn.org/stable/modules/generated/sklearn.covariance.MinCovDet.html,1,sklearn.covariance.MinCovDet
49,OAS,sklearn.covariance.OAS,https://scikit-learn.org/stable/modules/generated/sklearn.covariance.OAS.html,1,sklearn.covariance.OAS
50,ShrunkCovariance,sklearn.covariance.ShrunkCovariance,https://scikit-learn.org/stable/modules/generated/sklearn.covariance.ShrunkCovariance.html,1,sklearn.covariance.ShrunkCovariance
51,empirical_covariance,sklearn.covariance.empirical_covariance,https://scikit-learn.org/stable/modules/generated/sklearn.covariance.empirical_covariance.html,1,sklearn.covariance.empirical_covariance
52,graphical_lasso,sklearn.covariance.graphical_lasso,https://scikit-learn.org/stable/modules/generated/sklearn.covariance.graphical_lasso.html,1,sklearn.covariance.graphical_lasso
53,ledoit_wolf,sklearn.covariance.ledoit_wolf,https://scikit-learn.org/stable/modules/generated/sklearn.covariance.ledoit_wolf.html,1,sklearn.covariance.ledoit_wolf
54,oas,sklearn.covariance.oas,https://scikit-learn.org/stable/modules/generated/sklearn.covariance.oas.html,1,sklearn.covariance.oas
55,shrunk_covariance,sklearn.covariance.shrunk_covariance,https://scikit-learn.org/stable/modules/generated/sklearn.covariance.shrunk_covariance.html,1,sklearn.covariance.shrunk_covariance
56,CCA,sklearn.cross_decomposition.CCA,https://scikit-learn.org/stable/modules/generated/sklearn.cross_decomposition.CCA.html,1,sklearn.cross_decomposition.CCA
57,PLSCanonical,sklearn.cross_decomposition.PLSCanonical,https://scikit-learn.org/stable/modules/generated/sklearn.cross_decomposition.PLSCanonical.html,1,sklearn.cross_decomposition.PLSCanonical
58,PLSRegression,sklearn.cross_decomposition.PLSRegression,https://scikit-learn.org/stable/modules/generated/sklearn.cross_decomposition.PLSRegression.html,1,sklearn.cross_decomposition.PLSRegression
59,PLSSVD,sklearn.cross_decomposition.PLSSVD,https://scikit-learn.org/stable/modules/generated/sklearn.cross_decomposition.PLSSVD.html,1,sklearn.cross_decomposition.PLSSVD
60,clear_data_home,sklearn.datasets.clear_data_home,https://scikit-learn.org/stable/modules/generated/sklearn.datasets.clear_data_home.html,1,sklearn.datasets.clear_data_home
61,dump_svmlight_file,sklearn.datasets.dump_svmlight_file,https://scikit-learn.org/stable/modules/generated/sklearn.datasets.dump_svmlight_file.html,1,sklearn.datasets.dump_svmlight_file
62,fetch_20newsgroups,sklearn.datasets.fetch_20newsgroups,https://scikit-learn.org/stable/modules/generated/sklearn.datasets.fetch_20newsgroups.html,1,sklearn.datasets.fetch_20newsgroups
63,fetch_20newsgroups_vectorized,sklearn.datasets.fetch_20newsgroups_vectorized,https://scikit-learn.org/stable/modules/generated/sklearn.datasets.fetch_20newsgroups_vectorized.html,1,sklearn.datasets.fetch_20newsgroups_vectorized
64,fetch_california_housing,sklearn.datasets.fetch_california_housing,https://scikit-learn.org/stable/modules/generated/sklearn.datasets.fetch_california_housing.html,1,sklearn.datasets.fetch_california_housing
65,fetch_covtype,sklearn.datasets.fetch_covtype,https://scikit-learn.org/stable/modules/generated/sklearn.datasets.fetch_covtype.html,1,sklearn.datasets.fetch_covtype
66,fetch_kddcup99,sklearn.datasets.fetch_kddcup99,https://scikit-learn.org/stable/modules/generated/sklearn.datasets.fetch_kddcup99.html,1,sklearn.datasets.fetch_kddcup99
67,fetch_lfw_pairs,sklearn.datasets.fetch_lfw_pairs,https://scikit-learn.org/stable/modules/generated/sklearn.datasets.fetch_lfw_pairs.html,1,sklearn.datasets.fetch_lfw_pairs
68,fetch_lfw_people,sklearn.datasets.fetch_lfw_people,https://scikit-learn.org/stable/modules/generated/sklearn.datasets.fetch_lfw_people.html,1,sklearn.datasets.fetch_lfw_people
69,fetch_olivetti_faces,sklearn.datasets.fetch_olivetti_faces,https://scikit-learn.org/stable/modules/generated/sklearn.datasets.fetch_olivetti_faces.html,1,sklearn.datasets.fetch_olivetti_faces
70,fetch_openml,sklearn.datasets.fetch_openml,https://scikit-learn.org/stable/modules/generated/sklearn.datasets.fetch_openml.html,1,sklearn.datasets.fetch_openml
71,fetch_rcv1,sklearn.datasets.fetch_rcv1,https://scikit-learn.org/stable/modules/generated/sklearn.datasets.fetch_rcv1.html,1,sklearn.datasets.fetch_rcv1
72,fetch_species_distributions,sklearn.datasets.fetch_species_distributions,https://scikit-learn.org/stable/modules/generated/sklearn.datasets.fetch_species_distributions.html,1,sklearn.datasets.fetch_species_distributions
73,get_data_home,sklearn.datasets.get_data_home,https://scikit-learn.org/stable/modules/generated/sklearn.datasets.get_data_home.html,1,sklearn.datasets.get_data_home
74,load_boston,sklearn.datasets.load_boston,https://scikit-learn.org/stable/modules/generated/sklearn.datasets.load_boston.html,1,sklearn.datasets.load_boston
75,load_breast_cancer,sklearn.datasets.load_breast_cancer,https://scikit-learn.org/stable/modules/generated/sklearn.datasets.load_breast_cancer.html,1,sklearn.datasets.load_breast_cancer
76,load_diabetes,sklearn.datasets.load_diabetes,https://scikit-learn.org/stable/modules/generated/sklearn.datasets.load_diabetes.html,1,sklearn.datasets.load_diabetes
77,load_digits,sklearn.datasets.load_digits,https://scikit-learn.org/stable/modules/generated/sklearn.datasets.load_digits.html,1,sklearn.datasets.load_digits
78,load_files,sklearn.datasets.load_files,https://scikit-learn.org/stable/modules/generated/sklearn.datasets.load_files.html,1,sklearn.datasets.load_files
79,load_iris,sklearn.datasets.load_iris,https://scikit-learn.org/stable/modules/generated/sklearn.datasets.load_iris.html,1,sklearn.datasets.load_iris
80,load_linnerud,sklearn.datasets.load_linnerud,https://scikit-learn.org/stable/modules/generated/sklearn.datasets.load_linnerud.html,1,sklearn.datasets.load_linnerud
81,load_sample_image,sklearn.datasets.load_sample_image,https://scikit-learn.org/stable/modules/generated/sklearn.datasets.load_sample_image.html,1,sklearn.datasets.load_sample_image
82,load_sample_images,sklearn.datasets.load_sample_images,https://scikit-learn.org/stable/modules/generated/sklearn.datasets.load_sample_images.html,1,sklearn.datasets.load_sample_images
83,load_svmlight_file,sklearn.datasets.load_svmlight_file,https://scikit-learn.org/stable/modules/generated/sklearn.datasets.load_svmlight_file.html,1,sklearn.datasets.load_svmlight_file
84,load_svmlight_files,sklearn.datasets.load_svmlight_files,https://scikit-learn.org/stable/modules/generated/sklearn.datasets.load_svmlight_files.html,1,sklearn.datasets.load_svmlight_files
85,load_wine,sklearn.datasets.load_wine,https://scikit-learn.org/stable/modules/generated/sklearn.datasets.load_wine.html,1,sklearn.datasets.load_wine
86,make_biclusters,sklearn.datasets.make_biclusters,https://scikit-learn.org/stable/modules/generated/sklearn.datasets.make_biclusters.html,1,sklearn.datasets.make_biclusters
87,make_blobs,sklearn.datasets.make_blobs,https://scikit-learn.org/stable/modules/generated/sklearn.datasets.make_blobs.html,1,sklearn.datasets.make_blobs
88,make_checkerboard,sklearn.datasets.make_checkerboard,https://scikit-learn.org/stable/modules/generated/sklearn.datasets.make_checkerboard.html,1,sklearn.datasets.make_checkerboard
89,make_circles,sklearn.datasets.make_circles,https://scikit-learn.org/stable/modules/generated/sklearn.datasets.make_circles.html,1,sklearn.datasets.make_circles
90,make_classification,sklearn.datasets.make_classification,https://scikit-learn.org/stable/modules/generated/sklearn.datasets.make_classification.html,1,sklearn.datasets.make_classification
91,make_friedman1,sklearn.datasets.make_friedman1,https://scikit-learn.org/stable/modules/generated/sklearn.datasets.make_friedman1.html,1,sklearn.datasets.make_friedman1
92,make_friedman2,sklearn.datasets.make_friedman2,https://scikit-learn.org/stable/modules/generated/sklearn.datasets.make_friedman2.html,1,sklearn.datasets.make_friedman2
93,make_friedman3,sklearn.datasets.make_friedman3,https://scikit-learn.org/stable/modules/generated/sklearn.datasets.make_friedman3.html,1,sklearn.datasets.make_friedman3
94,make_gaussian_quantiles,sklearn.datasets.make_gaussian_quantiles,https://scikit-learn.org/stable/modules/generated/sklearn.datasets.make_gaussian_quantiles.html,1,sklearn.datasets.make_gaussian_quantiles
95,make_hastie_10_2,sklearn.datasets.make_hastie_10_2,https://scikit-learn.org/stable/modules/generated/sklearn.datasets.make_hastie_10_2.html,1,sklearn.datasets.make_hastie_10_2
96,make_low_rank_matrix,sklearn.datasets.make_low_rank_matrix,https://scikit-learn.org/stable/modules/generated/sklearn.datasets.make_low_rank_matrix.html,1,sklearn.datasets.make_low_rank_matrix
97,make_moons,sklearn.datasets.make_moons,https://scikit-learn.org/stable/modules/generated/sklearn.datasets.make_moons.html,1,sklearn.datasets.make_moons
98,make_multilabel_classification,sklearn.datasets.make_multilabel_classification,https://scikit-learn.org/stable/modules/generated/sklearn.datasets.make_multilabel_classification.html,1,sklearn.datasets.make_multilabel_classification
99,make_regression,sklearn.datasets.make_regression,https://scikit-learn.org/stable/modules/generated/sklearn.datasets.make_regression.html,1,sklearn.datasets.make_regression
100,make_s_curve,sklearn.datasets.make_s_curve,https://scikit-learn.org/stable/modules/generated/sklearn.datasets.make_s_curve.html,1,sklearn.datasets.make_s_curve
101,make_sparse_coded_signal,sklearn.datasets.make_sparse_coded_signal,https://scikit-learn.org/stable/modules/generated/sklearn.datasets.make_sparse_coded_signal.html,1,sklearn.datasets.make_sparse_coded_signal
102,make_sparse_spd_matrix,sklearn.datasets.make_sparse_spd_matrix,https://scikit-learn.org/stable/modules/generated/sklearn.datasets.make_sparse_spd_matrix.html,1,sklearn.datasets.make_sparse_spd_matrix
103,make_sparse_uncorrelated,sklearn.datasets.make_sparse_uncorrelated,https://scikit-learn.org/stable/modules/generated/sklearn.datasets.make_sparse_uncorrelated.html,1,sklearn.datasets.make_sparse_uncorrelated
104,make_spd_matrix,sklearn.datasets.make_spd_matrix,https://scikit-learn.org/stable/modules/generated/sklearn.datasets.make_spd_matrix.html,1,sklearn.datasets.make_spd_matrix
105,make_swiss_roll,sklearn.datasets.make_swiss_roll,https://scikit-learn.org/stable/modules/generated/sklearn.datasets.make_swiss_roll.html,1,sklearn.datasets.make_swiss_roll
106,DictionaryLearning,sklearn.decomposition.DictionaryLearning,https://scikit-learn.org/stable/modules/generated/sklearn.decomposition.DictionaryLearning.html,1,sklearn.decomposition.DictionaryLearning
107,FactorAnalysis,sklearn.decomposition.FactorAnalysis,https://scikit-learn.org/stable/modules/generated/sklearn.decomposition.FactorAnalysis.html,1,sklearn.decomposition.FactorAnalysis
108,FastICA,sklearn.decomposition.FastICA,https://scikit-learn.org/stable/modules/generated/sklearn.decomposition.FastICA.html,1,sklearn.decomposition.FastICA
109,IncrementalPCA,sklearn.decomposition.IncrementalPCA,https://scikit-learn.org/stable/modules/generated/sklearn.decomposition.IncrementalPCA.html,1,sklearn.decomposition.IncrementalPCA
110,KernelPCA,sklearn.decomposition.KernelPCA,https://scikit-learn.org/stable/modules/generated/sklearn.decomposition.KernelPCA.html,1,sklearn.decomposition.KernelPCA
111,LatentDirichletAllocation,sklearn.decomposition.LatentDirichletAllocation,https://scikit-learn.org/stable/modules/generated/sklearn.decomposition.LatentDirichletAllocation.html,1,sklearn.decomposition.LatentDirichletAllocation
112,MiniBatchDictionaryLearning,sklearn.decomposition.MiniBatchDictionaryLearning,https://scikit-learn.org/stable/modules/generated/sklearn.decomposition.MiniBatchDictionaryLearning.html,1,sklearn.decomposition.MiniBatchDictionaryLearning
113,MiniBatchSparsePCA,sklearn.decomposition.MiniBatchSparsePCA,https://scikit-learn.org/stable/modules/generated/sklearn.decomposition.MiniBatchSparsePCA.html,1,sklearn.decomposition.MiniBatchSparsePCA
114,NMF,sklearn.decomposition.NMF,https://scikit-learn.org/stable/modules/generated/sklearn.decomposition.NMF.html,1,sklearn.decomposition.NMF
115,PCA,sklearn.decomposition.PCA,https://scikit-learn.org/stable/modules/generated/sklearn.decomposition.PCA.html,1,sklearn.decomposition.PCA
116,SparsePCA,sklearn.decomposition.SparsePCA,https://scikit-learn.org/stable/modules/generated/sklearn.decomposition.SparsePCA.html,1,sklearn.decomposition.SparsePCA
117,SparseCoder,sklearn.decomposition.SparseCoder,https://scikit-learn.org/stable/modules/generated/sklearn.decomposition.SparseCoder.html,1,sklearn.decomposition.SparseCoder
118,TruncatedSVD,sklearn.decomposition.TruncatedSVD,https://scikit-learn.org/stable/modules/generated/sklearn.decomposition.TruncatedSVD.html,1,sklearn.decomposition.TruncatedSVD
119,dict_learning,sklearn.decomposition.dict_learning,https://scikit-learn.org/stable/modules/generated/sklearn.decomposition.dict_learning.html,1,sklearn.decomposition.dict_learning
120,dict_learning_online,sklearn.decomposition.dict_learning_online,https://scikit-learn.org/stable/modules/generated/sklearn.decomposition.dict_learning_online.html,1,sklearn.decomposition.dict_learning_online
121,fastica,sklearn.decomposition.fastica,https://scikit-learn.org/stable/modules/generated/sklearn.decomposition.fastica.html,1,sklearn.decomposition.fastica
122,non_negative_factorization,sklearn.decomposition.non_negative_factorization,https://scikit-learn.org/stable/modules/generated/sklearn.decomposition.non_negative_factorization.html,1,sklearn.decomposition.non_negative_factorization
123,sparse_encode,sklearn.decomposition.sparse_encode,https://scikit-learn.org/stable/modules/generated/sklearn.decomposition.sparse_encode.html,1,sklearn.decomposition.sparse_encode
124,LinearDiscriminantAnalysis,sklearn.discriminant_analysis.LinearDiscriminantAnalysis,https://scikit-learn.org/stable/modules/generated/sklearn.discriminant_analysis.LinearDiscriminantAnalysis.html,1,sklearn.discriminant_analysis.LinearDiscriminantAnalysis
125,QuadraticDiscriminantAnalysis,sklearn.discriminant_analysis.QuadraticDiscriminantAnalysis,https://scikit-learn.org/stable/modules/generated/sklearn.discriminant_analysis.QuadraticDiscriminantAnalysis.html,1,sklearn.discriminant_analysis.QuadraticDiscriminantAnalysis
126,DummyClassifier,sklearn.dummy.DummyClassifier,https://scikit-learn.org/stable/modules/generated/sklearn.dummy.DummyClassifier.html,1,sklearn.dummy.DummyClassifier
127,DummyRegressor,sklearn.dummy.DummyRegressor,https://scikit-learn.org/stable/modules/generated/sklearn.dummy.DummyRegressor.html,1,sklearn.dummy.DummyRegressor
128,AdaBoostClassifier,sklearn.ensemble.AdaBoostClassifier,https://scikit-learn.org/stable/modules/generated/sklearn.ensemble.AdaBoostClassifier.html,1,sklearn.ensemble.AdaBoostClassifier
129,AdaBoostRegressor,sklearn.ensemble.AdaBoostRegressor,https://scikit-learn.org/stable/modules/generated/sklearn.ensemble.AdaBoostRegressor.html,1,sklearn.ensemble.AdaBoostRegressor
130,BaggingClassifier,sklearn.ensemble.BaggingClassifier,https://scikit-learn.org/stable/modules/generated/sklearn.ensemble.BaggingClassifier.html,1,sklearn.ensemble.BaggingClassifier
131,BaggingRegressor,sklearn.ensemble.BaggingRegressor,https://scikit-learn.org/stable/modules/generated/sklearn.ensemble.BaggingRegressor.html,1,sklearn.ensemble.BaggingRegressor
132,ExtraTreesClassifier,sklearn.ensemble.ExtraTreesClassifier,https://scikit-learn.org/stable/modules/generated/sklearn.ensemble.ExtraTreesClassifier.html,1,sklearn.ensemble.ExtraTreesClassifier
133,ExtraTreesRegressor,sklearn.ensemble.ExtraTreesRegressor,https://scikit-learn.org/stable/modules/generated/sklearn.ensemble.ExtraTreesRegressor.html,1,sklearn.ensemble.ExtraTreesRegressor
134,GradientBoostingClassifier,sklearn.ensemble.GradientBoostingClassifier,https://scikit-learn.org/stable/modules/generated/sklearn.ensemble.GradientBoostingClassifier.html,1,sklearn.ensemble.GradientBoostingClassifier
135,GradientBoostingRegressor,sklearn.ensemble.GradientBoostingRegressor,https://scikit-learn.org/stable/modules/generated/sklearn.ensemble.GradientBoostingRegressor.html,1,sklearn.ensemble.GradientBoostingRegressor
136,IsolationForest,sklearn.ensemble.IsolationForest,https://scikit-learn.org/stable/modules/generated/sklearn.ensemble.IsolationForest.html,1,sklearn.ensemble.IsolationForest
137,RandomForestClassifier,sklearn.ensemble.RandomForestClassifier,https://scikit-learn.org/stable/modules/generated/sklearn.ensemble.RandomForestClassifier.html,1,sklearn.ensemble.RandomForestClassifier
138,RandomForestRegressor,sklearn.ensemble.RandomForestRegressor,https://scikit-learn.org/stable/modules/generated/sklearn.ensemble.RandomForestRegressor.html,1,sklearn.ensemble.RandomForestRegressor
139,RandomTreesEmbedding,sklearn.ensemble.RandomTreesEmbedding,https://scikit-learn.org/stable/modules/generated/sklearn.ensemble.RandomTreesEmbedding.html,1,sklearn.ensemble.RandomTreesEmbedding
140,VotingClassifier,sklearn.ensemble.VotingClassifier,https://scikit-learn.org/stable/modules/generated/sklearn.ensemble.VotingClassifier.html,1,sklearn.ensemble.VotingClassifier
141,VotingRegressor,sklearn.ensemble.VotingRegressor,https://scikit-learn.org/stable/modules/generated/sklearn.ensemble.VotingRegressor.html,1,sklearn.ensemble.VotingRegressor
142,HistGradientBoostingRegressor,sklearn.ensemble.HistGradientBoostingRegressor,https://scikit-learn.org/stable/modules/generated/sklearn.ensemble.HistGradientBoostingRegressor.html,1,sklearn.ensemble.HistGradientBoostingRegressor
143,HistGradientBoostingClassifier,sklearn.ensemble.HistGradientBoostingClassifier,https://scikit-learn.org/stable/modules/generated/sklearn.ensemble.HistGradientBoostingClassifier.html,1,sklearn.ensemble.HistGradientBoostingClassifier
144,ChangedBehaviorWarning,sklearn.exceptions.ChangedBehaviorWarning,https://scikit-learn.org/stable/modules/generated/sklearn.exceptions.ChangedBehaviorWarning.html,1,sklearn.exceptions.ChangedBehaviorWarning
145,ConvergenceWarning,sklearn.exceptions.ConvergenceWarning,https://scikit-learn.org/stable/modules/generated/sklearn.exceptions.ConvergenceWarning.html,1,sklearn.exceptions.ConvergenceWarning
146,DataConversionWarning,sklearn.exceptions.DataConversionWarning,https://scikit-learn.org/stable/modules/generated/sklearn.exceptions.DataConversionWarning.html,1,sklearn.exceptions.DataConversionWarning
147,DataDimensionalityWarning,sklearn.exceptions.DataDimensionalityWarning,https://scikit-learn.org/stable/modules/generated/sklearn.exceptions.DataDimensionalityWarning.html,1,sklearn.exceptions.DataDimensionalityWarning
148,EfficiencyWarning,sklearn.exceptions.EfficiencyWarning,https://scikit-learn.org/stable/modules/generated/sklearn.exceptions.EfficiencyWarning.html,1,sklearn.exceptions.EfficiencyWarning
149,FitFailedWarning,sklearn.exceptions.FitFailedWarning,https://scikit-learn.org/stable/modules/generated/sklearn.exceptions.FitFailedWarning.html,1,sklearn.exceptions.FitFailedWarning
150,NotFittedError,sklearn.exceptions.NotFittedError,https://scikit-learn.org/stable/modules/generated/sklearn.exceptions.NotFittedError.html,1,sklearn.exceptions.NotFittedError
151,NonBLASDotWarning,sklearn.exceptions.NonBLASDotWarning,https://scikit-learn.org/stable/modules/generated/sklearn.exceptions.NonBLASDotWarning.html,1,sklearn.exceptions.NonBLASDotWarning
152,UndefinedMetricWarning,sklearn.exceptions.UndefinedMetricWarning,https://scikit-learn.org/stable/modules/generated/sklearn.exceptions.UndefinedMetricWarning.html,1,sklearn.exceptions.UndefinedMetricWarning
153,enable_hist_gradient_boosting,sklearn.experimental.enable_hist_gradient_boosting,https://scikit-learn.org/stable/modules/generated/sklearn.experimental.enable_hist_gradient_boosting.html,1,sklearn.experimental.enable_hist_gradient_boosting
154,enable_iterative_imputer,sklearn.experimental.enable_iterative_imputer,https://scikit-learn.org/stable/modules/generated/sklearn.experimental.enable_iterative_imputer.html,1,sklearn.experimental.enable_iterative_imputer
155,DictVectorizer,sklearn.feature_extraction.DictVectorizer,https://scikit-learn.org/stable/modules/generated/sklearn.feature_extraction.DictVectorizer.html,1,sklearn.feature_extraction.DictVectorizer
156,FeatureHasher,sklearn.feature_extraction.FeatureHasher,https://scikit-learn.org/stable/modules/generated/sklearn.feature_extraction.FeatureHasher.html,1,sklearn.feature_extraction.FeatureHasher
157,extract_patches_2d,sklearn.feature_extraction.image.extract_patches_2d,https://scikit-learn.org/stable/modules/generated/sklearn.feature_extraction.image.extract_patches_2d.html,1,sklearn.feature_extraction.image.extract_patches_2d
158,grid_to_graph,sklearn.feature_extraction.image.grid_to_graph,https://scikit-learn.org/stable/modules/generated/sklearn.feature_extraction.image.grid_to_graph.html,1,sklearn.feature_extraction.image.grid_to_graph
159,img_to_graph,sklearn.feature_extraction.image.img_to_graph,https://scikit-learn.org/stable/modules/generated/sklearn.feature_extraction.image.img_to_graph.html,1,sklearn.feature_extraction.image.img_to_graph
160,reconstruct_from_patches_2d,sklearn.feature_extraction.image.reconstruct_from_patches_2d,https://scikit-learn.org/stable/modules/generated/sklearn.feature_extraction.image.reconstruct_from_patches_2d.html,1,sklearn.feature_extraction.image.reconstruct_from_patches_2d
161,PatchExtractor,sklearn.feature_extraction.image.PatchExtractor,https://scikit-learn.org/stable/modules/generated/sklearn.feature_extraction.image.PatchExtractor.html,1,sklearn.feature_extraction.image.PatchExtractor
162,CountVectorizer,sklearn.feature_extraction.text.CountVectorizer,https://scikit-learn.org/stable/modules/generated/sklearn.feature_extraction.text.CountVectorizer.html,1,sklearn.feature_extraction.text.CountVectorizer
163,HashingVectorizer,sklearn.feature_extraction.text.HashingVectorizer,https://scikit-learn.org/stable/modules/generated/sklearn.feature_extraction.text.HashingVectorizer.html,1,sklearn.feature_extraction.text.HashingVectorizer
164,TfidfTransformer,sklearn.feature_extraction.text.TfidfTransformer,https://scikit-learn.org/stable/modules/generated/sklearn.feature_extraction.text.TfidfTransformer.html,1,sklearn.feature_extraction.text.TfidfTransformer
165,TfidfVectorizer,sklearn.feature_extraction.text.TfidfVectorizer,https://scikit-learn.org/stable/modules/generated/sklearn.feature_extraction.text.TfidfVectorizer.html,1,sklearn.feature_extraction.text.TfidfVectorizer
166,GenericUnivariateSelect,sklearn.feature_selection.GenericUnivariateSelect,https://scikit-learn.org/stable/modules/generated/sklearn.feature_selection.GenericUnivariateSelect.html,1,sklearn.feature_selection.GenericUnivariateSelect
167,SelectPercentile,sklearn.feature_selection.SelectPercentile,https://scikit-learn.org/stable/modules/generated/sklearn.feature_selection.SelectPercentile.html,1,sklearn.feature_selection.SelectPercentile
168,SelectKBest,sklearn.feature_selection.SelectKBest,https://scikit-learn.org/stable/modules/generated/sklearn.feature_selection.SelectKBest.html,1,sklearn.feature_selection.SelectKBest
169,SelectFpr,sklearn.feature_selection.SelectFpr,https://scikit-learn.org/stable/modules/generated/sklearn.feature_selection.SelectFpr.html,1,sklearn.feature_selection.SelectFpr
170,SelectFdr,sklearn.feature_selection.SelectFdr,https://scikit-learn.org/stable/modules/generated/sklearn.feature_selection.SelectFdr.html,1,sklearn.feature_selection.SelectFdr
171,SelectFromModel,sklearn.feature_selection.SelectFromModel,https://scikit-learn.org/stable/modules/generated/sklearn.feature_selection.SelectFromModel.html,1,sklearn.feature_selection.SelectFromModel
172,SelectFwe,sklearn.feature_selection.SelectFwe,https://scikit-learn.org/stable/modules/generated/sklearn.feature_selection.SelectFwe.html,1,sklearn.feature_selection.SelectFwe
173,RFE,sklearn.feature_selection.RFE,https://scikit-learn.org/stable/modules/generated/sklearn.feature_selection.RFE.html,1,sklearn.feature_selection.RFE
174,RFECV,sklearn.feature_selection.RFECV,https://scikit-learn.org/stable/modules/generated/sklearn.feature_selection.RFECV.html,1,sklearn.feature_selection.RFECV
175,VarianceThreshold,sklearn.feature_selection.VarianceThreshold,https://scikit-learn.org/stable/modules/generated/sklearn.feature_selection.VarianceThreshold.html,1,sklearn.feature_selection.VarianceThreshold
176,chi2,sklearn.feature_selection.chi2,https://scikit-learn.org/stable/modules/generated/sklearn.feature_selection.chi2.html,1,sklearn.feature_selection.chi2
177,f_classif,sklearn.feature_selection.f_classif,https://scikit-learn.org/stable/modules/generated/sklearn.feature_selection.f_classif.html,1,sklearn.feature_selection.f_classif
178,f_regression,sklearn.feature_selection.f_regression,https://scikit-learn.org/stable/modules/generated/sklearn.feature_selection.f_regression.html,1,sklearn.feature_selection.f_regression
179,mutual_info_classif,sklearn.feature_selection.mutual_info_classif,https://scikit-learn.org/stable/modules/generated/sklearn.feature_selection.mutual_info_classif.html,1,sklearn.feature_selection.mutual_info_classif
180,mutual_info_regression,sklearn.feature_selection.mutual_info_regression,https://scikit-learn.org/stable/modules/generated/sklearn.feature_selection.mutual_info_regression.html,1,sklearn.feature_selection.mutual_info_regression
181,GaussianProcessClassifier,sklearn.gaussian_process.GaussianProcessClassifier,https://scikit-learn.org/stable/modules/generated/sklearn.gaussian_process.GaussianProcessClassifier.html,1,sklearn.gaussian_process.GaussianProcessClassifier
182,GaussianProcessRegressor,sklearn.gaussian_process.GaussianProcessRegressor,https://scikit-learn.org/stable/modules/generated/sklearn.gaussian_process.GaussianProcessRegressor.html,1,sklearn.gaussian_process.GaussianProcessRegressor
183,CompoundKernel,sklearn.gaussian_process.kernels.CompoundKernel,https://scikit-learn.org/stable/modules/generated/sklearn.gaussian_process.kernels.CompoundKernel.html,1,sklearn.gaussian_process.kernels.CompoundKernel
184,ConstantKernel,sklearn.gaussian_process.kernels.ConstantKernel,https://scikit-learn.org/stable/modules/generated/sklearn.gaussian_process.kernels.ConstantKernel.html,1,sklearn.gaussian_process.kernels.ConstantKernel
185,DotProduct,sklearn.gaussian_process.kernels.DotProduct,https://scikit-learn.org/stable/modules/generated/sklearn.gaussian_process.kernels.DotProduct.html,1,sklearn.gaussian_process.kernels.DotProduct
186,ExpSineSquared,sklearn.gaussian_process.kernels.ExpSineSquared,https://scikit-learn.org/stable/modules/generated/sklearn.gaussian_process.kernels.ExpSineSquared.html,1,sklearn.gaussian_process.kernels.ExpSineSquared
187,Exponentiation,sklearn.gaussian_process.kernels.Exponentiation,https://scikit-learn.org/stable/modules/generated/sklearn.gaussian_process.kernels.Exponentiation.html,1,sklearn.gaussian_process.kernels.Exponentiation
188,Hyperparameter,sklearn.gaussian_process.kernels.Hyperparameter,https://scikit-learn.org/stable/modules/generated/sklearn.gaussian_process.kernels.Hyperparameter.html,1,sklearn.gaussian_process.kernels.Hyperparameter
189,Kernel,sklearn.gaussian_process.kernels.Kernel,https://scikit-learn.org/stable/modules/generated/sklearn.gaussian_process.kernels.Kernel.html,1,sklearn.gaussian_process.kernels.Kernel
190,Matern,sklearn.gaussian_process.kernels.Matern,https://scikit-learn.org/stable/modules/generated/sklearn.gaussian_process.kernels.Matern.html,1,sklearn.gaussian_process.kernels.Matern
191,PairwiseKernel,sklearn.gaussian_process.kernels.PairwiseKernel,https://scikit-learn.org/stable/modules/generated/sklearn.gaussian_process.kernels.PairwiseKernel.html,1,sklearn.gaussian_process.kernels.PairwiseKernel
192,Product,sklearn.gaussian_process.kernels.Product,https://scikit-learn.org/stable/modules/generated/sklearn.gaussian_process.kernels.Product.html,1,sklearn.gaussian_process.kernels.Product
193,RBF,sklearn.gaussian_process.kernels.RBF,https://scikit-learn.org/stable/modules/generated/sklearn.gaussian_process.kernels.RBF.html,1,sklearn.gaussian_process.kernels.RBF
194,RationalQuadratic,sklearn.gaussian_process.kernels.RationalQuadratic,https://scikit-learn.org/stable/modules/generated/sklearn.gaussian_process.kernels.RationalQuadratic.html,1,sklearn.gaussian_process.kernels.RationalQuadratic
195,Sum,sklearn.gaussian_process.kernels.Sum,https://scikit-learn.org/stable/modules/generated/sklearn.gaussian_process.kernels.Sum.html,1,sklearn.gaussian_process.kernels.Sum
196,WhiteKernel,sklearn.gaussian_process.kernels.WhiteKernel,https://scikit-learn.org/stable/modules/generated/sklearn.gaussian_process.kernels.WhiteKernel.html,1,sklearn.gaussian_process.kernels.WhiteKernel
197,IsotonicRegression,sklearn.isotonic.IsotonicRegression,https://scikit-learn.org/stable/modules/generated/sklearn.isotonic.IsotonicRegression.html,1,sklearn.isotonic.IsotonicRegression
198,check_increasing,sklearn.isotonic.check_increasing,https://scikit-learn.org/stable/modules/generated/sklearn.isotonic.check_increasing.html,1,sklearn.isotonic.check_increasing
199,isotonic_regression,sklearn.isotonic.isotonic_regression,https://scikit-learn.org/stable/modules/generated/sklearn.isotonic.isotonic_regression.html,1,sklearn.isotonic.isotonic_regression
200,SimpleImputer,sklearn.impute.SimpleImputer,https://scikit-learn.org/stable/modules/generated/sklearn.impute.SimpleImputer.html,1,sklearn.impute.SimpleImputer
201,IterativeImputer,sklearn.impute.IterativeImputer,https://scikit-learn.org/stable/modules/generated/sklearn.impute.IterativeImputer.html,1,sklearn.impute.IterativeImputer
202,MissingIndicator,sklearn.impute.MissingIndicator,https://scikit-learn.org/stable/modules/generated/sklearn.impute.MissingIndicator.html,1,sklearn.impute.MissingIndicator
203,AdditiveChi2Sampler,sklearn.kernel_approximation.AdditiveChi2Sampler,https://scikit-learn.org/stable/modules/generated/sklearn.kernel_approximation.AdditiveChi2Sampler.html,1,sklearn.kernel_approximation.AdditiveChi2Sampler
204,Nystroem,sklearn.kernel_approximation.Nystroem,https://scikit-learn.org/stable/modules/generated/sklearn.kernel_approximation.Nystroem.html,1,sklearn.kernel_approximation.Nystroem
205,RBFSampler,sklearn.kernel_approximation.RBFSampler,https://scikit-learn.org/stable/modules/generated/sklearn.kernel_approximation.RBFSampler.html,1,sklearn.kernel_approximation.RBFSampler
206,SkewedChi2Sampler,sklearn.kernel_approximation.SkewedChi2Sampler,https://scikit-learn.org/stable/modules/generated/sklearn.kernel_approximation.SkewedChi2Sampler.html,1,sklearn.kernel_approximation.SkewedChi2Sampler
207,KernelRidge,sklearn.kernel_ridge.KernelRidge,https://scikit-learn.org/stable/modules/generated/sklearn.kernel_ridge.KernelRidge.html,1,sklearn.kernel_ridge.KernelRidge
208,ARDRegression,sklearn.linear_model.ARDRegression,https://scikit-learn.org/stable/modules/generated/sklearn.linear_model.ARDRegression.html,1,sklearn.linear_model.ARDRegression
209,BayesianRidge,sklearn.linear_model.BayesianRidge,https://scikit-learn.org/stable/modules/generated/sklearn.linear_model.BayesianRidge.html,1,sklearn.linear_model.BayesianRidge
210,ElasticNet,sklearn.linear_model.ElasticNet,https://scikit-learn.org/stable/modules/generated/sklearn.linear_model.ElasticNet.html,1,sklearn.linear_model.ElasticNet
211,ElasticNetCV,sklearn.linear_model.ElasticNetCV,https://scikit-learn.org/stable/modules/generated/sklearn.linear_model.ElasticNetCV.html,1,sklearn.linear_model.ElasticNetCV
212,HuberRegressor,sklearn.linear_model.HuberRegressor,https://scikit-learn.org/stable/modules/generated/sklearn.linear_model.HuberRegressor.html,1,sklearn.linear_model.HuberRegressor
213,Lars,sklearn.linear_model.Lars,https://scikit-learn.org/stable/modules/generated/sklearn.linear_model.Lars.html,1,sklearn.linear_model.Lars
214,LarsCV,sklearn.linear_model.LarsCV,https://scikit-learn.org/stable/modules/generated/sklearn.linear_model.LarsCV.html,1,sklearn.linear_model.LarsCV
215,Lasso,sklearn.linear_model.Lasso,https://scikit-learn.org/stable/modules/generated/sklearn.linear_model.Lasso.html,1,sklearn.linear_model.Lasso
216,LassoCV,sklearn.linear_model.LassoCV,https://scikit-learn.org/stable/modules/generated/sklearn.linear_model.LassoCV.html,1,sklearn.linear_model.LassoCV
217,LassoLars,sklearn.linear_model.LassoLars,https://scikit-learn.org/stable/modules/generated/sklearn.linear_model.LassoLars.html,1,sklearn.linear_model.LassoLars
218,LassoLarsCV,sklearn.linear_model.LassoLarsCV,https://scikit-learn.org/stable/modules/generated/sklearn.linear_model.LassoLarsCV.html,1,sklearn.linear_model.LassoLarsCV
219,LassoLarsIC,sklearn.linear_model.LassoLarsIC,https://scikit-learn.org/stable/modules/generated/sklearn.linear_model.LassoLarsIC.html,1,sklearn.linear_model.LassoLarsIC
220,LinearRegression,sklearn.linear_model.LinearRegression,https://scikit-learn.org/stable/modules/generated/sklearn.linear_model.LinearRegression.html,1,sklearn.linear_model.LinearRegression
221,LogisticRegression,sklearn.linear_model.LogisticRegression,https://scikit-learn.org/stable/modules/generated/sklearn.linear_model.LogisticRegression.html,1,sklearn.linear_model.LogisticRegression
222,LogisticRegressionCV,sklearn.linear_model.LogisticRegressionCV,https://scikit-learn.org/stable/modules/generated/sklearn.linear_model.LogisticRegressionCV.html,1,sklearn.linear_model.LogisticRegressionCV
223,MultiTaskLasso,sklearn.linear_model.MultiTaskLasso,https://scikit-learn.org/stable/modules/generated/sklearn.linear_model.MultiTaskLasso.html,1,sklearn.linear_model.MultiTaskLasso
224,MultiTaskElasticNet,sklearn.linear_model.MultiTaskElasticNet,https://scikit-learn.org/stable/modules/generated/sklearn.linear_model.MultiTaskElasticNet.html,1,sklearn.linear_model.MultiTaskElasticNet
225,MultiTaskLassoCV,sklearn.linear_model.MultiTaskLassoCV,https://scikit-learn.org/stable/modules/generated/sklearn.linear_model.MultiTaskLassoCV.html,1,sklearn.linear_model.MultiTaskLassoCV
226,MultiTaskElasticNetCV,sklearn.linear_model.MultiTaskElasticNetCV,https://scikit-learn.org/stable/modules/generated/sklearn.linear_model.MultiTaskElasticNetCV.html,1,sklearn.linear_model.MultiTaskElasticNetCV
227,OrthogonalMatchingPursuit,sklearn.linear_model.OrthogonalMatchingPursuit,https://scikit-learn.org/stable/modules/generated/sklearn.linear_model.OrthogonalMatchingPursuit.html,1,sklearn.linear_model.OrthogonalMatchingPursuit
228,OrthogonalMatchingPursuitCV,sklearn.linear_model.OrthogonalMatchingPursuitCV,https://scikit-learn.org/stable/modules/generated/sklearn.linear_model.OrthogonalMatchingPursuitCV.html,1,sklearn.linear_model.OrthogonalMatchingPursuitCV
229,PassiveAggressiveClassifier,sklearn.linear_model.PassiveAggressiveClassifier,https://scikit-learn.org/stable/modules/generated/sklearn.linear_model.PassiveAggressiveClassifier.html,1,sklearn.linear_model.PassiveAggressiveClassifier
230,PassiveAggressiveRegressor,sklearn.linear_model.PassiveAggressiveRegressor,https://scikit-learn.org/stable/modules/generated/sklearn.linear_model.PassiveAggressiveRegressor.html,1,sklearn.linear_model.PassiveAggressiveRegressor
231,Perceptron,sklearn.linear_model.Perceptron,https://scikit-learn.org/stable/modules/generated/sklearn.linear_model.Perceptron.html,1,sklearn.linear_model.Perceptron
232,RANSACRegressor,sklearn.linear_model.RANSACRegressor,https://scikit-learn.org/stable/modules/generated/sklearn.linear_model.RANSACRegressor.html,1,sklearn.linear_model.RANSACRegressor
233,Ridge,sklearn.linear_model.Ridge,https://scikit-learn.org/stable/modules/generated/sklearn.linear_model.Ridge.html,1,sklearn.linear_model.Ridge
234,RidgeClassifier,sklearn.linear_model.RidgeClassifier,https://scikit-learn.org/stable/modules/generated/sklearn.linear_model.RidgeClassifier.html,1,sklearn.linear_model.RidgeClassifier
235,RidgeClassifierCV,sklearn.linear_model.RidgeClassifierCV,https://scikit-learn.org/stable/modules/generated/sklearn.linear_model.RidgeClassifierCV.html,1,sklearn.linear_model.RidgeClassifierCV
236,RidgeCV,sklearn.linear_model.RidgeCV,https://scikit-learn.org/stable/modules/generated/sklearn.linear_model.RidgeCV.html,1,sklearn.linear_model.RidgeCV
237,SGDClassifier,sklearn.linear_model.SGDClassifier,https://scikit-learn.org/stable/modules/generated/sklearn.linear_model.SGDClassifier.html,1,sklearn.linear_model.SGDClassifier
238,SGDRegressor,sklearn.linear_model.SGDRegressor,https://scikit-learn.org/stable/modules/generated/sklearn.linear_model.SGDRegressor.html,1,sklearn.linear_model.SGDRegressor
239,TheilSenRegressor,sklearn.linear_model.TheilSenRegressor,https://scikit-learn.org/stable/modules/generated/sklearn.linear_model.TheilSenRegressor.html,1,sklearn.linear_model.TheilSenRegressor
240,enet_path,sklearn.linear_model.enet_path,https://scikit-learn.org/stable/modules/generated/sklearn.linear_model.enet_path.html,1,sklearn.linear_model.enet_path
241,lars_path,sklearn.linear_model.lars_path,https://scikit-learn.org/stable/modules/generated/sklearn.linear_model.lars_path.html,1,sklearn.linear_model.lars_path
242,lars_path_gram,sklearn.linear_model.lars_path_gram,https://scikit-learn.org/stable/modules/generated/sklearn.linear_model.lars_path_gram.html,1,sklearn.linear_model.lars_path_gram
243,lasso_path,sklearn.linear_model.lasso_path,https://scikit-learn.org/stable/modules/generated/sklearn.linear_model.lasso_path.html,1,sklearn.linear_model.lasso_path
244,orthogonal_mp,sklearn.linear_model.orthogonal_mp,https://scikit-learn.org/stable/modules/generated/sklearn.linear_model.orthogonal_mp.html,1,sklearn.linear_model.orthogonal_mp
245,orthogonal_mp_gram,sklearn.linear_model.orthogonal_mp_gram,https://scikit-learn.org/stable/modules/generated/sklearn.linear_model.orthogonal_mp_gram.html,1,sklearn.linear_model.orthogonal_mp_gram
246,ridge_regression,sklearn.linear_model.ridge_regression,https://scikit-learn.org/stable/modules/generated/sklearn.linear_model.ridge_regression.html,1,sklearn.linear_model.ridge_regression
247,Isomap,sklearn.manifold.Isomap,https://scikit-learn.org/stable/modules/generated/sklearn.manifold.Isomap.html,1,sklearn.manifold.Isomap
248,LocallyLinearEmbedding,sklearn.manifold.LocallyLinearEmbedding,https://scikit-learn.org/stable/modules/generated/sklearn.manifold.LocallyLinearEmbedding.html,1,sklearn.manifold.LocallyLinearEmbedding
249,MDS,sklearn.manifold.MDS,https://scikit-learn.org/stable/modules/generated/sklearn.manifold.MDS.html,1,sklearn.manifold.MDS
250,SpectralEmbedding,sklearn.manifold.SpectralEmbedding,https://scikit-learn.org/stable/modules/generated/sklearn.manifold.SpectralEmbedding.html,1,sklearn.manifold.SpectralEmbedding
251,TSNE,sklearn.manifold.TSNE,https://scikit-learn.org/stable/modules/generated/sklearn.manifold.TSNE.html,1,sklearn.manifold.TSNE
252,locally_linear_embedding,sklearn.manifold.locally_linear_embedding,https://scikit-learn.org/stable/modules/generated/sklearn.manifold.locally_linear_embedding.html,1,sklearn.manifold.locally_linear_embedding
253,smacof,sklearn.manifold.smacof,https://scikit-learn.org/stable/modules/generated/sklearn.manifold.smacof.html,1,sklearn.manifold.smacof
254,spectral_embedding,sklearn.manifold.spectral_embedding,https://scikit-learn.org/stable/modules/generated/sklearn.manifold.spectral_embedding.html,1,sklearn.manifold.spectral_embedding
255,check_scoring,sklearn.metrics.check_scoring,https://scikit-learn.org/stable/modules/generated/sklearn.metrics.check_scoring.html,1,sklearn.metrics.check_scoring
256,get_scorer,sklearn.metrics.get_scorer,https://scikit-learn.org/stable/modules/generated/sklearn.metrics.get_scorer.html,1,sklearn.metrics.get_scorer
257,make_scorer,sklearn.metrics.make_scorer,https://scikit-learn.org/stable/modules/generated/sklearn.metrics.make_scorer.html,1,sklearn.metrics.make_scorer
258,accuracy_score,sklearn.metrics.accuracy_score,https://scikit-learn.org/stable/modules/generated/sklearn.metrics.accuracy_score.html,1,sklearn.metrics.accuracy_score
259,auc,sklearn.metrics.auc,https://scikit-learn.org/stable/modules/generated/sklearn.metrics.auc.html,1,sklearn.metrics.auc
260,average_precision_score,sklearn.metrics.average_precision_score,https://scikit-learn.org/stable/modules/generated/sklearn.metrics.average_precision_score.html,1,sklearn.metrics.average_precision_score
261,balanced_accuracy_score,sklearn.metrics.balanced_accuracy_score,https://scikit-learn.org/stable/modules/generated/sklearn.metrics.balanced_accuracy_score.html,1,sklearn.metrics.balanced_accuracy_score
262,brier_score_loss,sklearn.metrics.brier_score_loss,https://scikit-learn.org/stable/modules/generated/sklearn.metrics.brier_score_loss.html,1,sklearn.metrics.brier_score_loss
263,classification_report,sklearn.metrics.classification_report,https://scikit-learn.org/stable/modules/generated/sklearn.metrics.classification_report.html,1,sklearn.metrics.classification_report
264,cohen_kappa_score,sklearn.metrics.cohen_kappa_score,https://scikit-learn.org/stable/modules/generated/sklearn.metrics.cohen_kappa_score.html,1,sklearn.metrics.cohen_kappa_score
265,confusion_matrix,sklearn.metrics.confusion_matrix,https://scikit-learn.org/stable/modules/generated/sklearn.metrics.confusion_matrix.html,1,sklearn.metrics.confusion_matrix
266,f1_score,sklearn.metrics.f1_score,https://scikit-learn.org/stable/modules/generated/sklearn.metrics.f1_score.html,1,sklearn.metrics.f1_score
267,fbeta_score,sklearn.metrics.fbeta_score,https://scikit-learn.org/stable/modules/generated/sklearn.metrics.fbeta_score.html,1,sklearn.metrics.fbeta_score
268,hamming_loss,sklearn.metrics.hamming_loss,https://scikit-learn.org/stable/modules/generated/sklearn.metrics.hamming_loss.html,1,sklearn.metrics.hamming_loss
269,hinge_loss,sklearn.metrics.hinge_loss,https://scikit-learn.org/stable/modules/generated/sklearn.metrics.hinge_loss.html,1,sklearn.metrics.hinge_loss
270,jaccard_score,sklearn.metrics.jaccard_score,https://scikit-learn.org/stable/modules/generated/sklearn.metrics.jaccard_score.html,1,sklearn.metrics.jaccard_score
271,log_loss,sklearn.metrics.log_loss,https://scikit-learn.org/stable/modules/generated/sklearn.metrics.log_loss.html,1,sklearn.metrics.log_loss
272,matthews_corrcoef,sklearn.metrics.matthews_corrcoef,https://scikit-learn.org/stable/modules/generated/sklearn.metrics.matthews_corrcoef.html,1,sklearn.metrics.matthews_corrcoef
273,multilabel_confusion_matrix,sklearn.metrics.multilabel_confusion_matrix,https://scikit-learn.org/stable/modules/generated/sklearn.metrics.multilabel_confusion_matrix.html,1,sklearn.metrics.multilabel_confusion_matrix
274,precision_recall_curve,sklearn.metrics.precision_recall_curve,https://scikit-learn.org/stable/modules/generated/sklearn.metrics.precision_recall_curve.html,1,sklearn.metrics.precision_recall_curve
275,precision_recall_fscore_support,sklearn.metrics.precision_recall_fscore_support,https://scikit-learn.org/stable/modules/generated/sklearn.metrics.precision_recall_fscore_support.html,1,sklearn.metrics.precision_recall_fscore_support
276,precision_score,sklearn.metrics.precision_score,https://scikit-learn.org/stable/modules/generated/sklearn.metrics.precision_score.html,1,sklearn.metrics.precision_score
277,recall_score,sklearn.metrics.recall_score,https://scikit-learn.org/stable/modules/generated/sklearn.metrics.recall_score.html,1,sklearn.metrics.recall_score
278,roc_auc_score,sklearn.metrics.roc_auc_score,https://scikit-learn.org/stable/modules/generated/sklearn.metrics.roc_auc_score.html,1,sklearn.metrics.roc_auc_score
279,roc_curve,sklearn.metrics.roc_curve,https://scikit-learn.org/stable/modules/generated/sklearn.metrics.roc_curve.html,1,sklearn.metrics.roc_curve
280,zero_one_loss,sklearn.metrics.zero_one_loss,https://scikit-learn.org/stable/modules/generated/sklearn.metrics.zero_one_loss.html,1,sklearn.metrics.zero_one_loss
281,explained_variance_score,sklearn.metrics.explained_variance_score,https://scikit-learn.org/stable/modules/generated/sklearn.metrics.explained_variance_score.html,1,sklearn.metrics.explained_variance_score
282,max_error,sklearn.metrics.max_error,https://scikit-learn.org/stable/modules/generated/sklearn.metrics.max_error.html,1,sklearn.metrics.max_error
283,mean_absolute_error,sklearn.metrics.mean_absolute_error,https://scikit-learn.org/stable/modules/generated/sklearn.metrics.mean_absolute_error.html,1,sklearn.metrics.mean_absolute_error
284,mean_squared_error,sklearn.metrics.mean_squared_error,https://scikit-learn.org/stable/modules/generated/sklearn.metrics.mean_squared_error.html,1,sklearn.metrics.mean_squared_error
285,mean_squared_log_error,sklearn.metrics.mean_squared_log_error,https://scikit-learn.org/stable/modules/generated/sklearn.metrics.mean_squared_log_error.html,1,sklearn.metrics.mean_squared_log_error
286,median_absolute_error,sklearn.metrics.median_absolute_error,https://scikit-learn.org/stable/modules/generated/sklearn.metrics.median_absolute_error.html,1,sklearn.metrics.median_absolute_error
287,r2_score,sklearn.metrics.r2_score,https://scikit-learn.org/stable/modules/generated/sklearn.metrics.r2_score.html,1,sklearn.metrics.r2_score
288,coverage_error,sklearn.metrics.coverage_error,https://scikit-learn.org/stable/modules/generated/sklearn.metrics.coverage_error.html,1,sklearn.metrics.coverage_error
289,label_ranking_average_precision_score,sklearn.metrics.label_ranking_average_precision_score,https://scikit-learn.org/stable/modules/generated/sklearn.metrics.label_ranking_average_precision_score.html,1,sklearn.metrics.label_ranking_average_precision_score
290,label_ranking_loss,sklearn.metrics.label_ranking_loss,https://scikit-learn.org/stable/modules/generated/sklearn.metrics.label_ranking_loss.html,1,sklearn.metrics.label_ranking_loss
291,adjusted_mutual_info_score,sklearn.metrics.adjusted_mutual_info_score,https://scikit-learn.org/stable/modules/generated/sklearn.metrics.adjusted_mutual_info_score.html,1,sklearn.metrics.adjusted_mutual_info_score
292,adjusted_rand_score,sklearn.metrics.adjusted_rand_score,https://scikit-learn.org/stable/modules/generated/sklearn.metrics.adjusted_rand_score.html,1,sklearn.metrics.adjusted_rand_score
293,calinski_harabasz_score,sklearn.metrics.calinski_harabasz_score,https://scikit-learn.org/stable/modules/generated/sklearn.metrics.calinski_harabasz_score.html,1,sklearn.metrics.calinski_harabasz_score
294,davies_bouldin_score,sklearn.metrics.davies_bouldin_score,https://scikit-learn.org/stable/modules/generated/sklearn.metrics.davies_bouldin_score.html,1,sklearn.metrics.davies_bouldin_score
295,completeness_score,sklearn.metrics.completeness_score,https://scikit-learn.org/stable/modules/generated/sklearn.metrics.completeness_score.html,1,sklearn.metrics.completeness_score
296,contingency_matrix,sklearn.metrics.cluster.contingency_matrix,https://scikit-learn.org/stable/modules/generated/sklearn.metrics.cluster.contingency_matrix.html,1,sklearn.metrics.cluster.contingency_matrix
297,fowlkes_mallows_score,sklearn.metrics.fowlkes_mallows_score,https://scikit-learn.org/stable/modules/generated/sklearn.metrics.fowlkes_mallows_score.html,1,sklearn.metrics.fowlkes_mallows_score
298,homogeneity_completeness_v_measure,sklearn.metrics.homogeneity_completeness_v_measure,https://scikit-learn.org/stable/modules/generated/sklearn.metrics.homogeneity_completeness_v_measure.html,1,sklearn.metrics.homogeneity_completeness_v_measure
299,homogeneity_score,sklearn.metrics.homogeneity_score,https://scikit-learn.org/stable/modules/generated/sklearn.metrics.homogeneity_score.html,1,sklearn.metrics.homogeneity_score
300,mutual_info_score,sklearn.metrics.mutual_info_score,https://scikit-learn.org/stable/modules/generated/sklearn.metrics.mutual_info_score.html,1,sklearn.metrics.mutual_info_score
301,normalized_mutual_info_score,sklearn.metrics.normalized_mutual_info_score,https://scikit-learn.org/stable/modules/generated/sklearn.metrics.normalized_mutual_info_score.html,1,sklearn.metrics.normalized_mutual_info_score
302,silhouette_score,sklearn.metrics.silhouette_score,https://scikit-learn.org/stable/modules/generated/sklearn.metrics.silhouette_score.html,1,sklearn.metrics.silhouette_score
303,silhouette_samples,sklearn.metrics.silhouette_samples,https://scikit-learn.org/stable/modules/generated/sklearn.metrics.silhouette_samples.html,1,sklearn.metrics.silhouette_samples
304,v_measure_score,sklearn.metrics.v_measure_score,https://scikit-learn.org/stable/modules/generated/sklearn.metrics.v_measure_score.html,1,sklearn.metrics.v_measure_score
305,consensus_score,sklearn.metrics.consensus_score,https://scikit-learn.org/stable/modules/generated/sklearn.metrics.consensus_score.html,1,sklearn.metrics.consensus_score
306,additive_chi2_kernel,sklearn.metrics.pairwise.additive_chi2_kernel,https://scikit-learn.org/stable/modules/generated/sklearn.metrics.pairwise.additive_chi2_kernel.html,1,sklearn.metrics.pairwise.additive_chi2_kernel
307,chi2_kernel,sklearn.metrics.pairwise.chi2_kernel,https://scikit-learn.org/stable/modules/generated/sklearn.metrics.pairwise.chi2_kernel.html,1,sklearn.metrics.pairwise.chi2_kernel
308,cosine_similarity,sklearn.metrics.pairwise.cosine_similarity,https://scikit-learn.org/stable/modules/generated/sklearn.metrics.pairwise.cosine_similarity.html,1,sklearn.metrics.pairwise.cosine_similarity
309,cosine_distances,sklearn.metrics.pairwise.cosine_distances,https://scikit-learn.org/stable/modules/generated/sklearn.metrics.pairwise.cosine_distances.html,1,sklearn.metrics.pairwise.cosine_distances
310,distance_metrics,sklearn.metrics.pairwise.distance_metrics,https://scikit-learn.org/stable/modules/generated/sklearn.metrics.pairwise.distance_metrics.html,1,sklearn.metrics.pairwise.distance_metrics
311,euclidean_distances,sklearn.metrics.pairwise.euclidean_distances,https://scikit-learn.org/stable/modules/generated/sklearn.metrics.pairwise.euclidean_distances.html,1,sklearn.metrics.pairwise.euclidean_distances
312,haversine_distances,sklearn.metrics.pairwise.haversine_distances,https://scikit-learn.org/stable/modules/generated/sklearn.metrics.pairwise.haversine_distances.html,1,sklearn.metrics.pairwise.haversine_distances
313,kernel_metrics,sklearn.metrics.pairwise.kernel_metrics,https://scikit-learn.org/stable/modules/generated/sklearn.metrics.pairwise.kernel_metrics.html,1,sklearn.metrics.pairwise.kernel_metrics
314,laplacian_kernel,sklearn.metrics.pairwise.laplacian_kernel,https://scikit-learn.org/stable/modules/generated/sklearn.metrics.pairwise.laplacian_kernel.html,1,sklearn.metrics.pairwise.laplacian_kernel
315,linear_kernel,sklearn.metrics.pairwise.linear_kernel,https://scikit-learn.org/stable/modules/generated/sklearn.metrics.pairwise.linear_kernel.html,1,sklearn.metrics.pairwise.linear_kernel
316,manhattan_distances,sklearn.metrics.pairwise.manhattan_distances,https://scikit-learn.org/stable/modules/generated/sklearn.metrics.pairwise.manhattan_distances.html,1,sklearn.metrics.pairwise.manhattan_distances
317,pairwise_kernels,sklearn.metrics.pairwise.pairwise_kernels,https://scikit-learn.org/stable/modules/generated/sklearn.metrics.pairwise.pairwise_kernels.html,1,sklearn.metrics.pairwise.pairwise_kernels
318,polynomial_kernel,sklearn.metrics.pairwise.polynomial_kernel,https://scikit-learn.org/stable/modules/generated/sklearn.metrics.pairwise.polynomial_kernel.html,1,sklearn.metrics.pairwise.polynomial_kernel
319,rbf_kernel,sklearn.metrics.pairwise.rbf_kernel,https://scikit-learn.org/stable/modules/generated/sklearn.metrics.pairwise.rbf_kernel.html,1,sklearn.metrics.pairwise.rbf_kernel
320,sigmoid_kernel,sklearn.metrics.pairwise.sigmoid_kernel,https://scikit-learn.org/stable/modules/generated/sklearn.metrics.pairwise.sigmoid_kernel.html,1,sklearn.metrics.pairwise.sigmoid_kernel
321,paired_euclidean_distances,sklearn.metrics.pairwise.paired_euclidean_distances,https://scikit-learn.org/stable/modules/generated/sklearn.metrics.pairwise.paired_euclidean_distances.html,1,sklearn.metrics.pairwise.paired_euclidean_distances
322,paired_manhattan_distances,sklearn.metrics.pairwise.paired_manhattan_distances,https://scikit-learn.org/stable/modules/generated/sklearn.metrics.pairwise.paired_manhattan_distances.html,1,sklearn.metrics.pairwise.paired_manhattan_distances
323,paired_cosine_distances,sklearn.metrics.pairwise.paired_cosine_distances,https://scikit-learn.org/stable/modules/generated/sklearn.metrics.pairwise.paired_cosine_distances.html,1,sklearn.metrics.pairwise.paired_cosine_distances
324,paired_distances,sklearn.metrics.pairwise.paired_distances,https://scikit-learn.org/stable/modules/generated/sklearn.metrics.pairwise.paired_distances.html,1,sklearn.metrics.pairwise.paired_distances
325,pairwise_distances,sklearn.metrics.pairwise_distances,https://scikit-learn.org/stable/modules/generated/sklearn.metrics.pairwise_distances.html,1,sklearn.metrics.pairwise_distances
326,pairwise_distances_argmin,sklearn.metrics.pairwise_distances_argmin,https://scikit-learn.org/stable/modules/generated/sklearn.metrics.pairwise_distances_argmin.html,1,sklearn.metrics.pairwise_distances_argmin
327,pairwise_distances_argmin_min,sklearn.metrics.pairwise_distances_argmin_min,https://scikit-learn.org/stable/modules/generated/sklearn.metrics.pairwise_distances_argmin_min.html,1,sklearn.metrics.pairwise_distances_argmin_min
328,pairwise_distances_chunked,sklearn.metrics.pairwise_distances_chunked,https://scikit-learn.org/stable/modules/generated/sklearn.metrics.pairwise_distances_chunked.html,1,sklearn.metrics.pairwise_distances_chunked
329,BayesianGaussianMixture,sklearn.mixture.BayesianGaussianMixture,https://scikit-learn.org/stable/modules/generated/sklearn.mixture.BayesianGaussianMixture.html,1,sklearn.mixture.BayesianGaussianMixture
330,GaussianMixture,sklearn.mixture.GaussianMixture,https://scikit-learn.org/stable/modules/generated/sklearn.mixture.GaussianMixture.html,1,sklearn.mixture.GaussianMixture
331,GroupKFold,sklearn.model_selection.GroupKFold,https://scikit-learn.org/stable/modules/generated/sklearn.model_selection.GroupKFold.html,1,sklearn.model_selection.GroupKFold
332,GroupShuffleSplit,sklearn.model_selection.GroupShuffleSplit,https://scikit-learn.org/stable/modules/generated/sklearn.model_selection.GroupShuffleSplit.html,1,sklearn.model_selection.GroupShuffleSplit
333,KFold,sklearn.model_selection.KFold,https://scikit-learn.org/stable/modules/generated/sklearn.model_selection.KFold.html,1,sklearn.model_selection.KFold
334,LeaveOneGroupOut,sklearn.model_selection.LeaveOneGroupOut,https://scikit-learn.org/stable/modules/generated/sklearn.model_selection.LeaveOneGroupOut.html,1,sklearn.model_selection.LeaveOneGroupOut
335,LeavePGroupsOut,sklearn.model_selection.LeavePGroupsOut,https://scikit-learn.org/stable/modules/generated/sklearn.model_selection.LeavePGroupsOut.html,1,sklearn.model_selection.LeavePGroupsOut
336,LeaveOneOut,sklearn.model_selection.LeaveOneOut,https://scikit-learn.org/stable/modules/generated/sklearn.model_selection.LeaveOneOut.html,1,sklearn.model_selection.LeaveOneOut
337,LeavePOut,sklearn.model_selection.LeavePOut,https://scikit-learn.org/stable/modules/generated/sklearn.model_selection.LeavePOut.html,1,sklearn.model_selection.LeavePOut
338,PredefinedSplit,sklearn.model_selection.PredefinedSplit,https://scikit-learn.org/stable/modules/generated/sklearn.model_selection.PredefinedSplit.html,1,sklearn.model_selection.PredefinedSplit
339,RepeatedKFold,sklearn.model_selection.RepeatedKFold,https://scikit-learn.org/stable/modules/generated/sklearn.model_selection.RepeatedKFold.html,1,sklearn.model_selection.RepeatedKFold
340,RepeatedStratifiedKFold,sklearn.model_selection.RepeatedStratifiedKFold,https://scikit-learn.org/stable/modules/generated/sklearn.model_selection.RepeatedStratifiedKFold.html,1,sklearn.model_selection.RepeatedStratifiedKFold
341,ShuffleSplit,sklearn.model_selection.ShuffleSplit,https://scikit-learn.org/stable/modules/generated/sklearn.model_selection.ShuffleSplit.html,1,sklearn.model_selection.ShuffleSplit
342,StratifiedKFold,sklearn.model_selection.StratifiedKFold,https://scikit-learn.org/stable/modules/generated/sklearn.model_selection.StratifiedKFold.html,1,sklearn.model_selection.StratifiedKFold
343,StratifiedShuffleSplit,sklearn.model_selection.StratifiedShuffleSplit,https://scikit-learn.org/stable/modules/generated/sklearn.model_selection.StratifiedShuffleSplit.html,1,sklearn.model_selection.StratifiedShuffleSplit
344,TimeSeriesSplit,sklearn.model_selection.TimeSeriesSplit,https://scikit-learn.org/stable/modules/generated/sklearn.model_selection.TimeSeriesSplit.html,1,sklearn.model_selection.TimeSeriesSplit
345,check_cv,sklearn.model_selection.check_cv,https://scikit-learn.org/stable/modules/generated/sklearn.model_selection.check_cv.html,1,sklearn.model_selection.check_cv
346,train_test_split,sklearn.model_selection.train_test_split,https://scikit-learn.org/stable/modules/generated/sklearn.model_selection.train_test_split.html,1,sklearn.model_selection.train_test_split
347,GridSearchCV,sklearn.model_selection.GridSearchCV,https://scikit-learn.org/stable/modules/generated/sklearn.model_selection.GridSearchCV.html,1,sklearn.model_selection.GridSearchCV
348,ParameterGrid,sklearn.model_selection.ParameterGrid,https://scikit-learn.org/stable/modules/generated/sklearn.model_selection.ParameterGrid.html,1,sklearn.model_selection.ParameterGrid
349,ParameterSampler,sklearn.model_selection.ParameterSampler,https://scikit-learn.org/stable/modules/generated/sklearn.model_selection.ParameterSampler.html,1,sklearn.model_selection.ParameterSampler
350,RandomizedSearchCV,sklearn.model_selection.RandomizedSearchCV,https://scikit-learn.org/stable/modules/generated/sklearn.model_selection.RandomizedSearchCV.html,1,sklearn.model_selection.RandomizedSearchCV
351,fit_grid_point,sklearn.model_selection.fit_grid_point,https://scikit-learn.org/stable/modules/generated/sklearn.model_selection.fit_grid_point.html,1,sklearn.model_selection.fit_grid_point
352,cross_validate,sklearn.model_selection.cross_validate,https://scikit-learn.org/stable/modules/generated/sklearn.model_selection.cross_validate.html,1,sklearn.model_selection.cross_validate
353,cross_val_predict,sklearn.model_selection.cross_val_predict,https://scikit-learn.org/stable/modules/generated/sklearn.model_selection.cross_val_predict.html,1,sklearn.model_selection.cross_val_predict
354,cross_val_score,sklearn.model_selection.cross_val_score,https://scikit-learn.org/stable/modules/generated/sklearn.model_selection.cross_val_score.html,1,sklearn.model_selection.cross_val_score
355,learning_curve,sklearn.model_selection.learning_curve,https://scikit-learn.org/stable/modules/generated/sklearn.model_selection.learning_curve.html,1,sklearn.model_selection.learning_curve
356,permutation_test_score,sklearn.model_selection.permutation_test_score,https://scikit-learn.org/stable/modules/generated/sklearn.model_selection.permutation_test_score.html,1,sklearn.model_selection.permutation_test_score
357,validation_curve,sklearn.model_selection.validation_curve,https://scikit-learn.org/stable/modules/generated/sklearn.model_selection.validation_curve.html,1,sklearn.model_selection.validation_curve
358,OneVsRestClassifier,sklearn.multiclass.OneVsRestClassifier,https://scikit-learn.org/stable/modules/generated/sklearn.multiclass.OneVsRestClassifier.html,1,sklearn.multiclass.OneVsRestClassifier
359,OneVsOneClassifier,sklearn.multiclass.OneVsOneClassifier,https://scikit-learn.org/stable/modules/generated/sklearn.multiclass.OneVsOneClassifier.html,1,sklearn.multiclass.OneVsOneClassifier
360,OutputCodeClassifier,sklearn.multiclass.OutputCodeClassifier,https://scikit-learn.org/stable/modules/generated/sklearn.multiclass.OutputCodeClassifier.html,1,sklearn.multiclass.OutputCodeClassifier
361,ClassifierChain,sklearn.multioutput.ClassifierChain,https://scikit-learn.org/stable/modules/generated/sklearn.multioutput.ClassifierChain.html,1,sklearn.multioutput.ClassifierChain
362,MultiOutputRegressor,sklearn.multioutput.MultiOutputRegressor,https://scikit-learn.org/stable/modules/generated/sklearn.multioutput.MultiOutputRegressor.html,1,sklearn.multioutput.MultiOutputRegressor
363,MultiOutputClassifier,sklearn.multioutput.MultiOutputClassifier,https://scikit-learn.org/stable/modules/generated/sklearn.multioutput.MultiOutputClassifier.html,1,sklearn.multioutput.MultiOutputClassifier
364,RegressorChain,sklearn.multioutput.RegressorChain,https://scikit-learn.org/stable/modules/generated/sklearn.multioutput.RegressorChain.html,1,sklearn.multioutput.RegressorChain
365,BernoulliNB,sklearn.naive_bayes.BernoulliNB,https://scikit-learn.org/stable/modules/generated/sklearn.naive_bayes.BernoulliNB.html,1,sklearn.naive_bayes.BernoulliNB
366,GaussianNB,sklearn.naive_bayes.GaussianNB,https://scikit-learn.org/stable/modules/generated/sklearn.naive_bayes.GaussianNB.html,1,sklearn.naive_bayes.GaussianNB
367,MultinomialNB,sklearn.naive_bayes.MultinomialNB,https://scikit-learn.org/stable/modules/generated/sklearn.naive_bayes.MultinomialNB.html,1,sklearn.naive_bayes.MultinomialNB
368,ComplementNB,sklearn.naive_bayes.ComplementNB,https://scikit-learn.org/stable/modules/generated/sklearn.naive_bayes.ComplementNB.html,1,sklearn.naive_bayes.ComplementNB
369,BallTree,sklearn.neighbors.BallTree,https://scikit-learn.org/stable/modules/generated/sklearn.neighbors.BallTree.html,1,sklearn.neighbors.BallTree
370,DistanceMetric,sklearn.neighbors.DistanceMetric,https://scikit-learn.org/stable/modules/generated/sklearn.neighbors.DistanceMetric.html,1,sklearn.neighbors.DistanceMetric
371,KDTree,sklearn.neighbors.KDTree,https://scikit-learn.org/stable/modules/generated/sklearn.neighbors.KDTree.html,1,sklearn.neighbors.KDTree
372,KernelDensity,sklearn.neighbors.KernelDensity,https://scikit-learn.org/stable/modules/generated/sklearn.neighbors.KernelDensity.html,1,sklearn.neighbors.KernelDensity
373,KNeighborsClassifier,sklearn.neighbors.KNeighborsClassifier,https://scikit-learn.org/stable/modules/generated/sklearn.neighbors.KNeighborsClassifier.html,1,sklearn.neighbors.KNeighborsClassifier
374,KNeighborsRegressor,sklearn.neighbors.KNeighborsRegressor,https://scikit-learn.org/stable/modules/generated/sklearn.neighbors.KNeighborsRegressor.html,1,sklearn.neighbors.KNeighborsRegressor
375,LocalOutlierFactor,sklearn.neighbors.LocalOutlierFactor,https://scikit-learn.org/stable/modules/generated/sklearn.neighbors.LocalOutlierFactor.html,1,sklearn.neighbors.LocalOutlierFactor
376,RadiusNeighborsClassifier,sklearn.neighbors.RadiusNeighborsClassifier,https://scikit-learn.org/stable/modules/generated/sklearn.neighbors.RadiusNeighborsClassifier.html,1,sklearn.neighbors.RadiusNeighborsClassifier
377,RadiusNeighborsRegressor,sklearn.neighbors.RadiusNeighborsRegressor,https://scikit-learn.org/stable/modules/generated/sklearn.neighbors.RadiusNeighborsRegressor.html,1,sklearn.neighbors.RadiusNeighborsRegressor
378,NearestCentroid,sklearn.neighbors.NearestCentroid,https://scikit-learn.org/stable/modules/generated/sklearn.neighbors.NearestCentroid.html,1,sklearn.neighbors.NearestCentroid
379,NearestNeighbors,sklearn.neighbors.NearestNeighbors,https://scikit-learn.org/stable/modules/generated/sklearn.neighbors.NearestNeighbors.html,1,sklearn.neighbors.NearestNeighbors
380,NeighborhoodComponentsAnalysis,sklearn.neighbors.NeighborhoodComponentsAnalysis,https://scikit-learn.org/stable/modules/generated/sklearn.neighbors.NeighborhoodComponentsAnalysis.html,1,sklearn.neighbors.NeighborhoodComponentsAnalysis
381,kneighbors_graph,sklearn.neighbors.kneighbors_graph,https://scikit-learn.org/stable/modules/generated/sklearn.neighbors.kneighbors_graph.html,1,sklearn.neighbors.kneighbors_graph
382,radius_neighbors_graph,sklearn.neighbors.radius_neighbors_graph,https://scikit-learn.org/stable/modules/generated/sklearn.neighbors.radius_neighbors_graph.html,1,sklearn.neighbors.radius_neighbors_graph
383,BernoulliRBM,sklearn.neural_network.BernoulliRBM,https://scikit-learn.org/stable/modules/generated/sklearn.neural_network.BernoulliRBM.html,1,sklearn.neural_network.BernoulliRBM
384,MLPClassifier,sklearn.neural_network.MLPClassifier,https://scikit-learn.org/stable/modules/generated/sklearn.neural_network.MLPClassifier.html,1,sklearn.neural_network.MLPClassifier
385,MLPRegressor,sklearn.neural_network.MLPRegressor,https://scikit-learn.org/stable/modules/generated/sklearn.neural_network.MLPRegressor.html,1,sklearn.neural_network.MLPRegressor
386,FeatureUnion,sklearn.pipeline.FeatureUnion,https://scikit-learn.org/stable/modules/generated/sklearn.pipeline.FeatureUnion.html,1,sklearn.pipeline.FeatureUnion
387,Pipeline,sklearn.pipeline.Pipeline,https://scikit-learn.org/stable/modules/generated/sklearn.pipeline.Pipeline.html,1,sklearn.pipeline.Pipeline
388,make_pipeline,sklearn.pipeline.make_pipeline,https://scikit-learn.org/stable/modules/generated/sklearn.pipeline.make_pipeline.html,1,sklearn.pipeline.make_pipeline
389,make_union,sklearn.pipeline.make_union,https://scikit-learn.org/stable/modules/generated/sklearn.pipeline.make_union.html,1,sklearn.pipeline.make_union
390,partial_dependence,sklearn.inspection.partial_dependence,https://scikit-learn.org/stable/modules/generated/sklearn.inspection.partial_dependence.html,1,sklearn.inspection.partial_dependence
391,plot_partial_dependence,sklearn.inspection.plot_partial_dependence,https://scikit-learn.org/stable/modules/generated/sklearn.inspection.plot_partial_dependence.html,1,sklearn.inspection.plot_partial_dependence
392,Binarizer,sklearn.preprocessing.Binarizer,https://scikit-learn.org/stable/modules/generated/sklearn.preprocessing.Binarizer.html,1,sklearn.preprocessing.Binarizer
393,FunctionTransformer,sklearn.preprocessing.FunctionTransformer,https://scikit-learn.org/stable/modules/generated/sklearn.preprocessing.FunctionTransformer.html,1,sklearn.preprocessing.FunctionTransformer
394,KBinsDiscretizer,sklearn.preprocessing.KBinsDiscretizer,https://scikit-learn.org/stable/modules/generated/sklearn.preprocessing.KBinsDiscretizer.html,1,sklearn.preprocessing.KBinsDiscretizer
395,KernelCenterer,sklearn.preprocessing.KernelCenterer,https://scikit-learn.org/stable/modules/generated/sklearn.preprocessing.KernelCenterer.html,1,sklearn.preprocessing.KernelCenterer
396,LabelBinarizer,sklearn.preprocessing.LabelBinarizer,https://scikit-learn.org/stable/modules/generated/sklearn.preprocessing.LabelBinarizer.html,1,sklearn.preprocessing.LabelBinarizer
397,LabelEncoder,sklearn.preprocessing.LabelEncoder,https://scikit-learn.org/stable/modules/generated/sklearn.preprocessing.LabelEncoder.html,1,sklearn.preprocessing.LabelEncoder
398,MultiLabelBinarizer,sklearn.preprocessing.MultiLabelBinarizer,https://scikit-learn.org/stable/modules/generated/sklearn.preprocessing.MultiLabelBinarizer.html,1,sklearn.preprocessing.MultiLabelBinarizer
399,MaxAbsScaler,sklearn.preprocessing.MaxAbsScaler,https://scikit-learn.org/stable/modules/generated/sklearn.preprocessing.MaxAbsScaler.html,1,sklearn.preprocessing.MaxAbsScaler
400,MinMaxScaler,sklearn.preprocessing.MinMaxScaler,https://scikit-learn.org/stable/modules/generated/sklearn.preprocessing.MinMaxScaler.html,1,sklearn.preprocessing.MinMaxScaler
401,Normalizer,sklearn.preprocessing.Normalizer,https://scikit-learn.org/stable/modules/generated/sklearn.preprocessing.Normalizer.html,1,sklearn.preprocessing.Normalizer
402,OneHotEncoder,sklearn.preprocessing.OneHotEncoder,https://scikit-learn.org/stable/modules/generated/sklearn.preprocessing.OneHotEncoder.html,1,sklearn.preprocessing.OneHotEncoder
403,OrdinalEncoder,sklearn.preprocessing.OrdinalEncoder,https://scikit-learn.org/stable/modules/generated/sklearn.preprocessing.OrdinalEncoder.html,1,sklearn.preprocessing.OrdinalEncoder
404,PolynomialFeatures,sklearn.preprocessing.PolynomialFeatures,https://scikit-learn.org/stable/modules/generated/sklearn.preprocessing.PolynomialFeatures.html,1,sklearn.preprocessing.PolynomialFeatures
405,PowerTransformer,sklearn.preprocessing.PowerTransformer,https://scikit-learn.org/stable/modules/generated/sklearn.preprocessing.PowerTransformer.html,1,sklearn.preprocessing.PowerTransformer
406,QuantileTransformer,sklearn.preprocessing.QuantileTransformer,https://scikit-learn.org/stable/modules/generated/sklearn.preprocessing.QuantileTransformer.html,1,sklearn.preprocessing.QuantileTransformer
407,RobustScaler,sklearn.preprocessing.RobustScaler,https://scikit-learn.org/stable/modules/generated/sklearn.preprocessing.RobustScaler.html,1,sklearn.preprocessing.RobustScaler
408,StandardScaler,sklearn.preprocessing.StandardScaler,https://scikit-learn.org/stable/modules/generated/sklearn.preprocessing.StandardScaler.html,1,sklearn.preprocessing.StandardScaler
409,add_dummy_feature,sklearn.preprocessing.add_dummy_feature,https://scikit-learn.org/stable/modules/generated/sklearn.preprocessing.add_dummy_feature.html,1,sklearn.preprocessing.add_dummy_feature
410,binarize,sklearn.preprocessing.binarize,https://scikit-learn.org/stable/modules/generated/sklearn.preprocessing.binarize.html,1,sklearn.preprocessing.binarize
411,label_binarize,sklearn.preprocessing.label_binarize,https://scikit-learn.org/stable/modules/generated/sklearn.preprocessing.label_binarize.html,1,sklearn.preprocessing.label_binarize
412,maxabs_scale,sklearn.preprocessing.maxabs_scale,https://scikit-learn.org/stable/modules/generated/sklearn.preprocessing.maxabs_scale.html,1,sklearn.preprocessing.maxabs_scale
413,minmax_scale,sklearn.preprocessing.minmax_scale,https://scikit-learn.org/stable/modules/generated/sklearn.preprocessing.minmax_scale.html,1,sklearn.preprocessing.minmax_scale
414,normalize,sklearn.preprocessing.normalize,https://scikit-learn.org/stable/modules/generated/sklearn.preprocessing.normalize.html,1,sklearn.preprocessing.normalize
415,quantile_transform,sklearn.preprocessing.quantile_transform,https://scikit-learn.org/stable/modules/generated/sklearn.preprocessing.quantile_transform.html,1,sklearn.preprocessing.quantile_transform
416,robust_scale,sklearn.preprocessing.robust_scale,https://scikit-learn.org/stable/modules/generated/sklearn.preprocessing.robust_scale.html,1,sklearn.preprocessing.robust_scale
417,scale,sklearn.preprocessing.scale,https://scikit-learn.org/stable/modules/generated/sklearn.preprocessing.scale.html,1,sklearn.preprocessing.scale
418,power_transform,sklearn.preprocessing.power_transform,https://scikit-learn.org/stable/modules/generated/sklearn.preprocessing.power_transform.html,1,sklearn.preprocessing.power_transform
419,GaussianRandomProjection,sklearn.random_projection.GaussianRandomProjection,https://scikit-learn.org/stable/modules/generated/sklearn.random_projection.GaussianRandomProjection.html,1,sklearn.random_projection.GaussianRandomProjection
420,SparseRandomProjection,sklearn.random_projection.SparseRandomProjection,https://scikit-learn.org/stable/modules/generated/sklearn.random_projection.SparseRandomProjection.html,1,sklearn.random_projection.SparseRandomProjection
421,johnson_lindenstrauss_min_dim,sklearn.random_projection.johnson_lindenstrauss_min_dim,https://scikit-learn.org/stable/modules/generated/sklearn.random_projection.johnson_lindenstrauss_min_dim.html,1,sklearn.random_projection.johnson_lindenstrauss_min_dim
422,LabelPropagation,sklearn.semi_supervised.LabelPropagation,https://scikit-learn.org/stable/modules/generated/sklearn.semi_supervised.LabelPropagation.html,1,sklearn.semi_supervised.LabelPropagation
423,LabelSpreading,sklearn.semi_supervised.LabelSpreading,https://scikit-learn.org/stable/modules/generated/sklearn.semi_supervised.LabelSpreading.html,1,sklearn.semi_supervised.LabelSpreading
424,LinearSVC,sklearn.svm.LinearSVC,https://scikit-learn.org/stable/modules/generated/sklearn.svm.LinearSVC.html,1,sklearn.svm.LinearSVC
425,LinearSVR,sklearn.svm.LinearSVR,https://scikit-learn.org/stable/modules/generated/sklearn.svm.LinearSVR.html,1,sklearn.svm.LinearSVR
426,NuSVC,sklearn.svm.NuSVC,https://scikit-learn.org/stable/modules/generated/sklearn.svm.NuSVC.html,1,sklearn.svm.NuSVC
427,NuSVR,sklearn.svm.NuSVR,https://scikit-learn.org/stable/modules/generated/sklearn.svm.NuSVR.html,1,sklearn.svm.NuSVR
428,OneClassSVM,sklearn.svm.OneClassSVM,https://scikit-learn.org/stable/modules/generated/sklearn.svm.OneClassSVM.html,1,sklearn.svm.OneClassSVM
429,SVC,sklearn.svm.SVC,https://scikit-learn.org/stable/modules/generated/sklearn.svm.SVC.html,1,sklearn.svm.SVC
430,SVR,sklearn.svm.SVR,https://scikit-learn.org/stable/modules/generated/sklearn.svm.SVR.html,1,sklearn.svm.SVR
431,l1_min_c,sklearn.svm.l1_min_c,https://scikit-learn.org/stable/modules/generated/sklearn.svm.l1_min_c.html,1,sklearn.svm.l1_min_c
432,cross_validation,sklearn.svm.libsvm.cross_validation,https://scikit-learn.org/stable/modules/generated/sklearn.svm.libsvm.cross_validation.html,1,sklearn.svm.libsvm.cross_validation
433,decision_function,sklearn.svm.libsvm.decision_function,https://scikit-learn.org/stable/modules/generated/sklearn.svm.libsvm.decision_function.html,1,sklearn.svm.libsvm.decision_function
434,fit,sklearn.svm.libsvm.fit,https://scikit-learn.org/stable/modules/generated/sklearn.svm.libsvm.fit.html,1,sklearn.svm.libsvm.fit
435,predict,sklearn.svm.libsvm.predict,https://scikit-learn.org/stable/modules/generated/sklearn.svm.libsvm.predict.html,1,sklearn.svm.libsvm.predict
436,predict_proba,sklearn.svm.libsvm.predict_proba,https://scikit-learn.org/stable/modules/generated/sklearn.svm.libsvm.predict_proba.html,1,sklearn.svm.libsvm.predict_proba
437,DecisionTreeClassifier,sklearn.tree.DecisionTreeClassifier,https://scikit-learn.org/stable/modules/generated/sklearn.tree.DecisionTreeClassifier.html,1,sklearn.tree.DecisionTreeClassifier
438,DecisionTreeRegressor,sklearn.tree.DecisionTreeRegressor,https://scikit-learn.org/stable/modules/generated/sklearn.tree.DecisionTreeRegressor.html,1,sklearn.tree.DecisionTreeRegressor
439,ExtraTreeClassifier,sklearn.tree.ExtraTreeClassifier,https://scikit-learn.org/stable/modules/generated/sklearn.tree.ExtraTreeClassifier.html,1,sklearn.tree.ExtraTreeClassifier
440,ExtraTreeRegressor,sklearn.tree.ExtraTreeRegressor,https://scikit-learn.org/stable/modules/generated/sklearn.tree.ExtraTreeRegressor.html,1,sklearn.tree.ExtraTreeRegressor
441,export_graphviz,sklearn.tree.export_graphviz,https://scikit-learn.org/stable/modules/generated/sklearn.tree.export_graphviz.html,1,sklearn.tree.export_graphviz
442,plot_tree,sklearn.tree.plot_tree,https://scikit-learn.org/stable/modules/generated/sklearn.tree.plot_tree.html,1,sklearn.tree.plot_tree
443,export_text,sklearn.tree.export_text,https://scikit-learn.org/stable/modules/generated/sklearn.tree.export_text.html,1,sklearn.tree.export_text
444,min_pos,sklearn.utils.arrayfuncs.min_pos,https://scikit-learn.org/stable/modules/generated/sklearn.utils.arrayfuncs.min_pos.html,1,sklearn.utils.arrayfuncs.min_pos
445,as_float_array,sklearn.utils.as_float_array,https://scikit-learn.org/stable/modules/generated/sklearn.utils.as_float_array.html,1,sklearn.utils.as_float_array
446,assert_all_finite,sklearn.utils.assert_all_finite,https://scikit-learn.org/stable/modules/generated/sklearn.utils.assert_all_finite.html,1,sklearn.utils.assert_all_finite
447,check_X_y,sklearn.utils.check_X_y,https://scikit-learn.org/stable/modules/generated/sklearn.utils.check_X_y.html,1,sklearn.utils.check_X_y
448,check_array,sklearn.utils.check_array,https://scikit-learn.org/stable/modules/generated/sklearn.utils.check_array.html,1,sklearn.utils.check_array
449,check_scalar,sklearn.utils.check_scalar,https://scikit-learn.org/stable/modules/generated/sklearn.utils.check_scalar.html,1,sklearn.utils.check_scalar
450,check_consistent_length,sklearn.utils.check_consistent_length,https://scikit-learn.org/stable/modules/generated/sklearn.utils.check_consistent_length.html,1,sklearn.utils.check_consistent_length
451,check_random_state,sklearn.utils.check_random_state,https://scikit-learn.org/stable/modules/generated/sklearn.utils.check_random_state.html,1,sklearn.utils.check_random_state
452,compute_class_weight,sklearn.utils.class_weight.compute_class_weight,https://scikit-learn.org/stable/modules/generated/sklearn.utils.class_weight.compute_class_weight.html,1,sklearn.utils.class_weight.compute_class_weight
453,compute_sample_weight,sklearn.utils.class_weight.compute_sample_weight,https://scikit-learn.org/stable/modules/generated/sklearn.utils.class_weight.compute_sample_weight.html,1,sklearn.utils.class_weight.compute_sample_weight
454,deprecated,sklearn.utils.deprecated,https://scikit-learn.org/stable/modules/generated/sklearn.utils.deprecated.html,1,sklearn.utils.deprecated
455,check_estimator,sklearn.utils.estimator_checks.check_estimator,https://scikit-learn.org/stable/modules/generated/sklearn.utils.estimator_checks.check_estimator.html,1,sklearn.utils.estimator_checks.check_estimator
456,safe_sparse_dot,sklearn.utils.extmath.safe_sparse_dot,https://scikit-learn.org/stable/modules/generated/sklearn.utils.extmath.safe_sparse_dot.html,1,sklearn.utils.extmath.safe_sparse_dot
457,randomized_range_finder,sklearn.utils.extmath.randomized_range_finder,https://scikit-learn.org/stable/modules/generated/sklearn.utils.extmath.randomized_range_finder.html,1,sklearn.utils.extmath.randomized_range_finder
458,randomized_svd,sklearn.utils.extmath.randomized_svd,https://scikit-learn.org/stable/modules/generated/sklearn.utils.extmath.randomized_svd.html,1,sklearn.utils.extmath.randomized_svd
459,fast_logdet,sklearn.utils.extmath.fast_logdet,https://scikit-learn.org/stable/modules/generated/sklearn.utils.extmath.fast_logdet.html,1,sklearn.utils.extmath.fast_logdet
460,density,sklearn.utils.extmath.density,https://scikit-learn.org/stable/modules/generated/sklearn.utils.extmath.density.html,1,sklearn.utils.extmath.density
461,weighted_mode,sklearn.utils.extmath.weighted_mode,https://scikit-learn.org/stable/modules/generated/sklearn.utils.extmath.weighted_mode.html,1,sklearn.utils.extmath.weighted_mode
462,gen_even_slices,sklearn.utils.gen_even_slices,https://scikit-learn.org/stable/modules/generated/sklearn.utils.gen_even_slices.html,1,sklearn.utils.gen_even_slices
463,single_source_shortest_path_length,sklearn.utils.graph.single_source_shortest_path_length,https://scikit-learn.org/stable/modules/generated/sklearn.utils.graph.single_source_shortest_path_length.html,1,sklearn.utils.graph.single_source_shortest_path_length
464,graph_shortest_path,sklearn.utils.graph_shortest_path.graph_shortest_path,https://scikit-learn.org/stable/modules/generated/sklearn.utils.graph_shortest_path.graph_shortest_path.html,1,sklearn.utils.graph_shortest_path.graph_shortest_path
465,indexable,sklearn.utils.indexable,https://scikit-learn.org/stable/modules/generated/sklearn.utils.indexable.html,1,sklearn.utils.indexable
466,if_delegate_has_method,sklearn.utils.metaestimators.if_delegate_has_method,https://scikit-learn.org/stable/modules/generated/sklearn.utils.metaestimators.if_delegate_has_method.html,1,sklearn.utils.metaestimators.if_delegate_has_method
467,type_of_target,sklearn.utils.multiclass.type_of_target,https://scikit-learn.org/stable/modules/generated/sklearn.utils.multiclass.type_of_target.html,1,sklearn.utils.multiclass.type_of_target
468,is_multilabel,sklearn.utils.multiclass.is_multilabel,https://scikit-learn.org/stable/modules/generated/sklearn.utils.multiclass.is_multilabel.html,1,sklearn.utils.multiclass.is_multilabel
469,unique_labels,sklearn.utils.multiclass.unique_labels,https://scikit-learn.org/stable/modules/generated/sklearn.utils.multiclass.unique_labels.html,1,sklearn.utils.multiclass.unique_labels
470,murmurhash3_32,sklearn.utils.murmurhash3_32,https://scikit-learn.org/stable/modules/generated/sklearn.utils.murmurhash3_32.html,1,sklearn.utils.murmurhash3_32
471,resample,sklearn.utils.resample,https://scikit-learn.org/stable/modules/generated/sklearn.utils.resample.html,1,sklearn.utils.resample
472,safe_indexing,sklearn.utils.safe_indexing,https://scikit-learn.org/stable/modules/generated/sklearn.utils.safe_indexing.html,1,sklearn.utils.safe_indexing
473,safe_mask,sklearn.utils.safe_mask,https://scikit-learn.org/stable/modules/generated/sklearn.utils.safe_mask.html,1,sklearn.utils.safe_mask
474,safe_sqr,sklearn.utils.safe_sqr,https://scikit-learn.org/stable/modules/generated/sklearn.utils.safe_sqr.html,1,sklearn.utils.safe_sqr
475,shuffle,sklearn.utils.shuffle,https://scikit-learn.org/stable/modules/generated/sklearn.utils.shuffle.html,1,sklearn.utils.shuffle
476,incr_mean_variance_axis,sklearn.utils.sparsefuncs.incr_mean_variance_axis,https://scikit-learn.org/stable/modules/generated/sklearn.utils.sparsefuncs.incr_mean_variance_axis.html,1,sklearn.utils.sparsefuncs.incr_mean_variance_axis
477,inplace_column_scale,sklearn.utils.sparsefuncs.inplace_column_scale,https://scikit-learn.org/stable/modules/generated/sklearn.utils.sparsefuncs.inplace_column_scale.html,1,sklearn.utils.sparsefuncs.inplace_column_scale
478,inplace_row_scale,sklearn.utils.sparsefuncs.inplace_row_scale,https://scikit-learn.org/stable/modules/generated/sklearn.utils.sparsefuncs.inplace_row_scale.html,1,sklearn.utils.sparsefuncs.inplace_row_scale
479,inplace_swap_row,sklearn.utils.sparsefuncs.inplace_swap_row,https://scikit-learn.org/stable/modules/generated/sklearn.utils.sparsefuncs.inplace_swap_row.html,1,sklearn.utils.sparsefuncs.inplace_swap_row
480,inplace_swap_column,sklearn.utils.sparsefuncs.inplace_swap_column,https://scikit-learn.org/stable/modules/generated/sklearn.utils.sparsefuncs.inplace_swap_column.html,1,sklearn.utils.sparsefuncs.inplace_swap_column
481,mean_variance_axis,sklearn.utils.sparsefuncs.mean_variance_axis,https://scikit-learn.org/stable/modules/generated/sklearn.utils.sparsefuncs.mean_variance_axis.html,1,sklearn.utils.sparsefuncs.mean_variance_axis
482,inplace_csr_column_scale,sklearn.utils.sparsefuncs.inplace_csr_column_scale,https://scikit-learn.org/stable/modules/generated/sklearn.utils.sparsefuncs.inplace_csr_column_scale.html,1,sklearn.utils.sparsefuncs.inplace_csr_column_scale
483,inplace_csr_row_normalize_l1,sklearn.utils.sparsefuncs_fast.inplace_csr_row_normalize_l1,https://scikit-learn.org/stable/modules/generated/sklearn.utils.sparsefuncs_fast.inplace_csr_row_normalize_l1.html,1,sklearn.utils.sparsefuncs_fast.inplace_csr_row_normalize_l1
484,inplace_csr_row_normalize_l2,sklearn.utils.sparsefuncs_fast.inplace_csr_row_normalize_l2,https://scikit-learn.org/stable/modules/generated/sklearn.utils.sparsefuncs_fast.inplace_csr_row_normalize_l2.html,1,sklearn.utils.sparsefuncs_fast.inplace_csr_row_normalize_l2
485,sample_without_replacement,sklearn.utils.random.sample_without_replacement,https://scikit-learn.org/stable/modules/generated/sklearn.utils.random.sample_without_replacement.html,1,sklearn.utils.random.sample_without_replacement
486,check_is_fitted,sklearn.utils.validation.check_is_fitted,https://scikit-learn.org/stable/modules/generated/sklearn.utils.validation.check_is_fitted.html,1,sklearn.utils.validation.check_is_fitted
487,check_memory,sklearn.utils.validation.check_memory,https://scikit-learn.org/stable/modules/generated/sklearn.utils.validation.check_memory.html,1,sklearn.utils.validation.check_memory
488,check_symmetric,sklearn.utils.validation.check_symmetric,https://scikit-learn.org/stable/modules/generated/sklearn.utils.validation.check_symmetric.html,1,sklearn.utils.validation.check_symmetric
489,column_or_1d,sklearn.utils.validation.column_or_1d,https://scikit-learn.org/stable/modules/generated/sklearn.utils.validation.column_or_1d.html,1,sklearn.utils.validation.column_or_1d
490,has_fit_parameter,sklearn.utils.validation.has_fit_parameter,https://scikit-learn.org/stable/modules/generated/sklearn.utils.validation.has_fit_parameter.html,1,sklearn.utils.validation.has_fit_parameter
491,assert_in,sklearn.utils.testing.assert_in,https://scikit-learn.org/stable/modules/generated/sklearn.utils.testing.assert_in.html,1,sklearn.utils.testing.assert_in
492,assert_not_in,sklearn.utils.testing.assert_not_in,https://scikit-learn.org/stable/modules/generated/sklearn.utils.testing.assert_not_in.html,1,sklearn.utils.testing.assert_not_in
493,assert_raise_message,sklearn.utils.testing.assert_raise_message,https://scikit-learn.org/stable/modules/generated/sklearn.utils.testing.assert_raise_message.html,1,sklearn.utils.testing.assert_raise_message
494,all_estimators,sklearn.utils.testing.all_estimators,https://scikit-learn.org/stable/modules/generated/sklearn.utils.testing.all_estimators.html,1,sklearn.utils.testing.all_estimators
495,parallel_backend,sklearn.utils.parallel_backend,https://scikit-learn.org/stable/modules/generated/sklearn.utils.parallel_backend.html,1,sklearn.utils.parallel_backend
496,register_parallel_backend,sklearn.utils.register_parallel_backend,https://scikit-learn.org/stable/modules/generated/sklearn.utils.register_parallel_backend.html,1,sklearn.utils.register_parallel_backend
497,Memory,sklearn.utils.Memory,https://scikit-learn.org/stable/modules/generated/sklearn.utils.Memory.html,1,sklearn.utils.Memory
498,Parallel,sklearn.utils.Parallel,https://scikit-learn.org/stable/modules/generated/sklearn.utils.Parallel.html,1,sklearn.utils.Parallel
499,cpu_count,sklearn.utils.cpu_count,https://scikit-learn.org/stable/modules/generated/sklearn.utils.cpu_count.html,1,sklearn.utils.cpu_count
500,delayed,sklearn.utils.delayed,https://scikit-learn.org/stable/modules/generated/sklearn.utils.delayed.html,1,sklearn.utils.delayed
501,calinski_harabaz_score,sklearn.metrics.calinski_harabaz_score,https://scikit-learn.org/stable/modules/generated/sklearn.metrics.calinski_harabaz_score.html,1,sklearn.metrics.calinski_harabaz_score
502,jaccard_similarity_score,sklearn.metrics.jaccard_similarity_score,https://scikit-learn.org/stable/modules/generated/sklearn.metrics.jaccard_similarity_score.html,1,sklearn.metrics.jaccard_similarity_score
503,logistic_regression_path,sklearn.linear_model.logistic_regression_path,https://scikit-learn.org/stable/modules/generated/sklearn.linear_model.logistic_regression_path.html,1,sklearn.linear_model.logistic_regression_path
504,partial_dependence,sklearn.ensemble.partial_dependence.partial_dependence,https://scikit-learn.org/stable/modules/generated/sklearn.ensemble.partial_dependence.partial_dependence.html,1,sklearn.ensemble.partial_dependence.partial_dependence
505,plot_partial_dependence,sklearn.ensemble.partial_dependence.plot_partial_dependence,https://scikit-learn.org/stable/modules/generated/sklearn.ensemble.partial_dependence.plot_partial_dependence.html,1,sklearn.ensemble.partial_dependence.plot_partial_dependence
506,GraphLasso,sklearn.covariance.GraphLasso,https://scikit-learn.org/stable/modules/generated/sklearn.covariance.GraphLasso.html,1,sklearn.covariance.GraphLasso
507,GraphLassoCV,sklearn.covariance.GraphLassoCV,https://scikit-learn.org/stable/modules/generated/sklearn.covariance.GraphLassoCV.html,1,sklearn.covariance.GraphLassoCV
508,Imputer,sklearn.preprocessing.Imputer,https://scikit-learn.org/stable/modules/generated/sklearn.preprocessing.Imputer.html,1,sklearn.preprocessing.Imputer
509,mock_mldata_urlopen,sklearn.utils.testing.mock_mldata_urlopen,https://scikit-learn.org/stable/modules/generated/sklearn.utils.testing.mock_mldata_urlopen.html,1,sklearn.utils.testing.mock_mldata_urlopen
510,graph_lasso,sklearn.covariance.graph_lasso,https://scikit-learn.org/stable/modules/generated/sklearn.covariance.graph_lasso.html,1,sklearn.covariance.graph_lasso
511,fetch_mldata,sklearn.datasets.fetch_mldata,https://scikit-learn.org/stable/modules/generated/sklearn.datasets.fetch_mldata.html,1,sklearn.datasets.fetch_mldata
512,mldata_filename,sklearn.datasets.mldata_filename,https://scikit-learn.org/stable/modules/generated/sklearn.datasets.mldata_filename.html,1,sklearn.datasets.mldata_filename
